cve_id,cvss_score,cvss_severity,cwe_ids,analysis_timestamp,analysis_duration,thread_name,models_used,has_patch_analysis,patch_count,files_modified,lines_added,lines_removed,repositories,analysis_summary
CVE-2024-10220,8.1,HIGH,CWE-22,2025-05-29T03:02:59.430408,44.93,Analyzer_2,deepseek-r1-250120,True,1,2,20,0,kubernetes/kubernetes,  ``` 1. 信任边界类别分析    主要边界突破：数据面(容器)→宿主机 - Pod→Worker节点逃逸    次要边界突破：数据面→控制面 - Pod→API Server权限提升    架构层次影响：数据面计算层→节点隔离层→控制面存储层    技术路径：构造恶意gitRepo URL→kubelet命令注入→宿主机root权限执行→集群横向移动    关键节点：kubelet的gitRepo参数过滤机制缺失    权限扩展：Pod用户权限→宿主机root权限→集群管理权限    影响范围：Worker节点完全控制，可能危及控制平面组件    防护薄弱点：gitRepo输入验证缺失，kubelet默认root权限运行    检测难点：git操作日志与恶意命令注入的隐蔽性区分  2. 信任边界影响评估    架构影响分析：    - 控制面影响：可能通过节点凭据访问API Server，间接威胁控制层    - 数据面影响：计算层隔离完全突破，节点存储/网络层被控制    - 跨平面传播：通过节点kubelet凭据发起控制面API请求    - 节点拓扑影响：Worker节点...
CVE-2024-3177,2.7,LOW,CWE-20,2025-05-29T03:03:00.063000,45.57,Analyzer_1,deepseek-r1-250120,True,1,2,132,11,kubernetes/kubernetes,  ``` 1. 信任边界类别分析    主要边界突破：数据面→控制面 - Pod→API Server权限提升    次要边界突破：控制面→数据面 - API Server→Pod配置注入    架构层次影响：数据面计算层→控制面API层→控制层准入插件    技术路径：创建envFrom字段的Pod→绕过准入插件验证→注入未授权Secret→环境变量泄露    关键节点：ServiceAccount准入插件未校验envFrom.secretRef与SA策略的兼容性    权限扩展：Pod创建权限→未授权Secret读取权限（受限于SA策略配置）    影响范围：使用envFrom的容器、依赖SA挂载策略的集群控制平面    防护薄弱点：准入控制层对envFrom字段验证不完整，SA注解机制存在逻辑漏洞    检测难点：合法envFrom使用与策略绕过的行为特征高度相似  2. 信任边界影响评估    架构影响分析：    - 控制面影响：API层准入控制逻辑失效，控制层策略执行不完整    - 数据面影响：计算层Secret数据通过环境变量非法暴露    - 跨平面传播：数据面Po...
CVE-2023-5528,7.2,HIGH,CWE-20,2025-05-29T03:03:03.896222,49.41,Analyzer_0,deepseek-r1-250120,True,1,1,6,5,kubernetes/kubernetes,  ``` 1. 信任边界类别分析    主要边界突破：数据面(容器)→宿主机 - Pod→Worker节点逃逸    次要边界突破：数据面→控制面 - 工作负载→控制器状态操纵    架构层次影响：数据面存储层→节点计算层→控制面控制层    技术路径：恶意PV挂载参数注入→kubelet解析漏洞→Windows文件权限覆盖→SYSTEM权限获取    关键节点：kubelet对mountOptions参数的Windows路径安全校验缺失    权限扩展：Pod创建权限→Windows节点SYSTEM权限→潜在集群控制权    影响范围：Windows节点全容器控制，可能横向渗透至控制平面组件    防护薄弱点：in-tree插件输入验证机制失效，节点级挂载安全策略缺失    检测难点：合法存储配置与恶意参数注入的行为特征重叠  2. 信任边界影响评估    架构影响分析：    - 控制面影响：控制层存储插件逻辑缺陷，可能通过节点凭证影响API层    - 数据面影响：计算层容器隔离突破，存储层配置被恶意篡改    - 跨平面传播：通过节点凭据访问控制平面API，实现跨平面权限扩展...
CVE-2025-1767,6.5,MEDIUM,CWE-20,2025-05-29T03:03:15.705160,61.2,Analyzer_3,deepseek-r1-250120,True,1,2,20,0,kubernetes/kubernetes,  ``` 1. 信任边界类别分析    主要边界突破：数据面(容器)→宿主机 - 共同部署攻击面扩展（新增类别）    次要边界突破：数据面→控制面 - Pod→API Server权限提升    架构层次影响：数据面计算层→节点存储层→控制面存储层    技术路径：构造恶意gitRepo.repository路径→绕过Pod文件系统隔离→窃取同节点其他Pod数据→利用敏感信息访问控制面    关键节点：gitRepo卷的本地路径验证缺失，节点级存储共享机制    权限扩展：Pod创建权限→节点级文件系统访问→潜在集群凭证访问    影响范围：同一节点所有Pod数据、可能影响控制面存储的敏感配置    防护薄弱点：已弃用功能仍保留攻击面，缺乏运行时路径校验    检测难点：合法Git操作与恶意路径访问行为难以区分  2. 信任边界影响评估    架构影响分析：    - 控制面影响：通过窃取的SA Token可能影响API层鉴权    - 数据面影响：计算层隔离失效，节点存储层跨Pod访问    - 跨平面传播：数据面泄露的控制面凭证可触发控制面入侵    - 节点拓扑影响：Work...
CVE-2023-3955,8.8,HIGH,"CWE-20, CWE-20",2025-05-29T03:03:34.263526,34.83,Analyzer_2,deepseek-r1-250120,True,1,3,25,13,kubernetes/kubernetes,  ``` 1. 信任边界类别分析    主要边界突破：数据面(容器)→宿主机 - Pod→Worker节点逃逸    次要边界突破：无    架构层次影响：数据面计算层→节点宿主机系统层    技术路径：创建HostProcess容器+挂载系统目录→滥用Windows权限继承→获取SYSTEM权限    关键节点：kubelet对Windows特权容器配置的验证缺失    权限扩展：Pod创建权限→节点管理员权限→潜在集群控制权限    影响范围：单个Windows节点完全沦陷，可能横向扩展至集群其他组件    防护薄弱点：HostProcess容器授权机制不完善，卷挂载安全策略缺失    检测难点：合法运维操作与攻击行为特征高度重叠  2. 信任边界影响评估    架构影响分析：    - 控制面影响：间接风险，被控节点可能作为跳板攻击API Server    - 数据面影响：计算层隔离完全失效，网络层可能被用于横向移动    - 跨平面传播：通过节点凭据可能访问控制平面组件    - 节点拓扑影响：Windows Worker节点成为攻击入口点     权限边界突破：    -...
CVE-2023-3676,8.8,HIGH,"CWE-20, CWE-20",2025-05-29T03:03:43.146395,39.25,Analyzer_0,deepseek-r1-250120,True,1,1,8,4,kubernetes/kubernetes,  ``` 1. 信任边界类别分析    主要边界突破：数据面(容器)→宿主机 - Pod→Worker节点逃逸    次要边界突破：[控制面→数据面 - API Server→Pod配置注入]    架构层次影响：数据面计算层→节点隔离层→宿主机系统层    技术路径：创建hostProcess特权Pod→绕过Windows容器隔离→获得宿主机SYSTEM权限    关键节点：kubelet对windowsOptions.securityContext验证缺失    权限扩展：Pod创建权限→宿主机管理员权限→潜在集群级控制权    影响范围：Windows节点完全沦陷，威胁集群网络和存储层    防护薄弱点：Windows节点安全策略缺失，Pod Security Admission配置不足    检测难点：合法hostProcess使用与攻击行为难以区分  2. 信任边界影响评估    架构影响分析：    - 控制面影响：kubelet组件信任模型被破坏，可能影响节点管理API    - 数据面影响：计算层隔离失效，网络层面临ARP欺骗风险，存储层卷挂载暴露    - 跨平面传...
CVE-2023-3893,8.8,HIGH,CWE-20,2025-05-29T03:03:52.636698,52.57,Analyzer_1,deepseek-r1-250120,True,2,8,53,55,kubernetes-csi/csi-proxy,  ``` 1. 信任边界类别分析    主要边界突破：数据面(容器)→宿主机 - Pod→Worker节点逃逸    次要边界突破：控制面→数据面 - 控制器→工作负载恶意分发    架构层次影响：数据面计算层→宿主机系统层    技术路径：创建挂载CSI代理路径的Pod→绕过Windows权限检查→执行SMB特权命令    关键节点：kubernetes-csi-proxy对hostPath挂载的权限验证缺失    权限扩展：Pod用户权限→Windows节点Administrator权限→潜在集群凭证窃取    影响范围：单个Windows节点完全沦陷，可能威胁关联控制平面组件    防护薄弱点：CSI代理组件缺乏安全上下文限制，Windows节点安全加固不足    检测难点：合法CSI操作与恶意路径挂载行为难以区分  2. 信任边界影响评估    架构影响分析：    - 控制面影响：可能通过节点kubelet凭证泄露影响API层认证    - 数据面影响：完全突破计算层隔离，威胁存储层节点本地数据    - 跨平面传播：节点级权限可能作为跳板攻击控制平面    - 节点拓扑影...
CVE-2023-2728,6.5,MEDIUM,CWE-20,2025-05-29T03:04:00.128002,44.42,Analyzer_3,deepseek-r1-250120,True,1,4,310,35,kubernetes/kubernetes,  ``` 1. 信任边界类别分析    主要边界突破：数据面→控制面 - 容器→控制器状态操纵    次要边界突破：[数据面→控制面 - Pod→API Server权限提升]    架构层次影响：数据面计算层→控制面API层→存储层    技术路径：注入临时容器→绕过准入策略→挂载非授权Secret→读取控制面敏感数据    关键节点：ServiceAccount准入插件对ephemeralContainers字段验证缺失    权限扩展：Pod修改权限→Secret读取权限→潜在API Server访问权限    影响范围：破坏数据面计算层隔离，穿透控制面策略层，威胁存储层机密数据    防护薄弱点：准入控制对临时容器字段校验不完整，共同部署模式扩大攻击面    检测难点：合法临时容器使用与恶意挂载行为特征高度重叠  2. 信任边界影响评估    架构影响分析：    - 控制面影响：API层策略执行失效，控制层状态协调机制被干扰    - 数据面影响：计算层容器隔离突破，存储层Secret保护机制失效    - 跨平面传播：数据面配置注入导致控制面策略失效，形成双向影响    ...
CVE-2021-25741,8.8,HIGH,"CWE-20, CWE-552",2025-05-29T03:04:35.200291,42.56,Analyzer_1,deepseek-r1-250120,True,4,9,91,26,kubernetes/kubernetes,  ``` 1. 信任边界类别分析    主要边界突破：数据面(容器)→宿主机 - Pod→Worker节点逃逸    次要边界突破：数据面→控制面 - Pod→API Server权限提升    架构层次影响：数据面计算层→节点隔离层→控制面存储层    技术路径：构造含路径遍历的subPath→绕过卷挂载校验→挂载宿主机敏感文件→窃取节点凭证    关键节点：volumeMounts.subPath字段的路径规范化校验缺失    权限扩展：Pod创建权限→宿主机文件系统访问→kubelet凭证窃取→集群控制权限    影响范围：单个Worker节点文件系统→集群控制平面凭证→跨节点横向移动    防护薄弱点：hostPath使用缺乏强制限制，subPath输入验证机制缺陷    检测难点：合法卷挂载与恶意路径遍历行为难以区分，跨架构层攻击链隐蔽  2. 信任边界影响评估    架构影响分析：    - 控制面影响：通过窃取kubelet凭证可访问API Server和etcd    - 数据面影响：计算层容器隔离失效，存储层卷挂载机制被滥用    - 跨平面传播：宿主机凭证泄露导致...
CVE-2023-2727,6.5,MEDIUM,CWE-20,2025-05-29T03:04:49.535533,75.27,Analyzer_2,deepseek-r1-250120,True,1,4,310,35,kubernetes/kubernetes,  ``` 1. 信任边界类别分析    主要边界突破：数据面→控制面 - 容器→控制器状态操纵    次要边界突破：控制面→数据面 - API Server→Pod配置注入    架构层次影响：数据面计算层→控制面扩展层→API层    技术路径：创建ephemeralContainers字段→绕过ImagePolicyWebhook校验→注入受限镜像→启动恶意容器    关键节点：ImagePolicyWebhook准入插件未覆盖ephemeralContainers.image字段    权限扩展：Pod创建权限→容器执行特权→潜在节点级逃逸    影响范围：跨越准入控制策略层和Pod运行时环境    防护薄弱点：准入控制器字段覆盖不全，临时容器安全假设过时    检测难点：临时容器合法使用与恶意注入行为难以区分  2. 信任边界影响评估    架构影响分析：    - 控制面影响：API层准入控制失效，扩展层策略执行不完整    - 数据面影响：计算层镜像控制策略被绕过    - 跨平面传播：控制面策略缺陷导致数据面运行时失守    - 节点拓扑影响：Worker节点容器隔离机...
CVE-2022-3294,6.6,MEDIUM,CWE-20,2025-05-29T03:04:57.844560,74.7,Analyzer_0,deepseek-r1-250120,True,1,2,174,5,kubernetes/kubernetes,  ``` 1. 信任边界类别分析    主要边界突破：数据面→控制面 - 容器→控制器状态操纵    次要边界突破：控制平面组件间 - API Server ↔ Controller SSRF    架构层次影响：数据面计算层→控制面API层→控制面存储层    技术路径：篡改Node.status.addresses→绕过代理白名单→API Server转发请求至控制平面网络    关键节点：Node对象状态字段写入权限、kube-apiserver代理验证逻辑缺陷    权限扩展：Node写权限→控制平面网络层访问权限→etcd数据读取权限    影响范围：跨越数据面节点管理和控制面核心组件通信    防护薄弱点：Node状态字段写入权限控制不足，代理路径校验缺乏网络层隔离检查    检测难点：合法API操作掩盖恶意地址注入，控制平面内部流量缺乏审计  2. 信任边界影响评估    架构影响分析：    - 控制面影响：API层代理功能被滥用，存储层etcd直接暴露访问风险    - 数据面影响：节点资源配置成为攻击控制平面的跳板    - 跨平面传播：通过数据面资源篡改建立控制...
CVE-2021-25737,2.7,LOW,"CWE-184, CWE-601",2025-05-29T03:05:00.775605,60.65,Analyzer_3,deepseek-r1-250120,True,1,4,65,18,kubernetes/kubernetes,  ``` 1. 信任边界类别分析    主要边界突破：控制面→数据面 - 控制面→网络/存储层配置污染    次要边界突破：[多租户间隔离 - 命名空间→跨租户资源访问]    架构层次影响：控制面控制层→数据面网络层    技术路径：创建恶意EndpointSlice→绕过IP验证→污染kube-proxy iptables规则→劫持服务流量    关键节点：EndpointSlice准入控制缺失IP段校验    权限扩展：discovery.k8s.io API组写权限→数据面网络配置权    影响范围：服务发现机制、跨Pod通信、节点本地网络    防护薄弱点：EndpointSlice与Endpoint校验逻辑不一致，网络策略未覆盖保留IP段    检测难点：合法服务定义与恶意流量重定向难以区分  2. 信任边界影响评估    架构影响分析：    - 控制面影响：控制层EndpointSlice控制器校验逻辑缺陷    - 数据面影响：网络层流量路由规则被恶意篡改    - 跨平面传播：控制面配置错误直接污染数据面网络平面    - 节点拓扑影响：Worker节点本地网络暴...
CVE-2020-8554,6.3,MEDIUM,CWE-283,2025-05-29T03:05:37.870169,48.33,Analyzer_2,deepseek-r1-250120,True,2,15,286,23,kubernetes/kubernetes,  ``` 1. 信任边界类别分析    主要边界突破：控制面→数据面 - 控制面→网络/存储层配置污染    次要边界突破：集群外部→集群内部 - 外部→API层访问路径创建    架构层次影响：控制面API层→数据面网络层→外部网络    技术路径：通过API Server修改Service网络配置→触发kube-proxy规则更新→劫持指定IP流量    关键节点：API层对externalIPs字段验证缺失，status字段修改权限控制不严    权限扩展：Service管理权限→集群网络流量控制权→跨集群边界数据窃取    影响范围：跨越控制面配置层和数据面网络层，影响跨命名空间及外部系统通信    防护薄弱点：API层字段验证与RBAC权限粒度的双重缺失    检测难点：合法Service创建与恶意流量劫持的隐蔽性差异  2. 信任边界影响评估    架构影响分析：    - 控制面影响：API层资源配置验证失效，控制层网络协调逻辑被污染    - 数据面影响：网络层流量路由规则被篡改，计算层Pod通信遭劫持    - 跨平面传播：控制面配置错误直接导致数据面网络策略失效 ...
CVE-2020-8555,6.3,MEDIUM,"CWE-918, CWE-918",2025-05-29T03:05:44.140313,46.29,Analyzer_0,deepseek-r1-250120,True,1,4,91,35,kubernetes/kubernetes,  ``` 1. 信任边界类别分析    主要边界突破：数据面→控制面 - 容器→控制器状态操纵    次要边界突破：控制平面组件间 - API Server ↔ Controller SSRF    架构层次影响：数据面计算层→控制面控制层→存储层    技术路径：创建恶意Service注解→Controller Manager处理→发起内部SSRF请求    关键节点：控制器对metadata.annotations字段未做目标地址白名单验证    权限扩展：Service资源操作权限→控制面网络层访问权限    影响范围：跨越数据面资源对象到控制面内部网络通信    防护薄弱点：控制器输入验证缺失，RBAC权限颗粒度不足    检测难点：合法注解字段滥用，内部网络请求难以追踪  2. 信任边界影响评估    架构影响分析：    - 控制面影响：控制层SSRF漏洞，存储层元数据泄露风险    - 数据面影响：计算层资源对象成为攻击入口    - 跨平面传播：数据面资源操作触发控制面网络探测    - 节点拓扑影响：Master节点本地服务暴露风险     权限边界突破：    -...
CVE-2021-25735,6.5,MEDIUM,CWE-372,2025-05-29T03:05:50.665834,75.46,Analyzer_1,deepseek-r1-250120,True,7,9,63,93,kubernetes/kubernetes,  ``` 1. 信任边界类别分析    主要边界突破：数据面 → 控制面 - 容器 → 控制器状态操纵    次要边界突破：控制平面组件间 - 扩展组件 → 核心组件权限滥用    架构层次影响：数据面计算层 → 控制面API层 → 控制层策略协调    技术路径：通过nodes/update权限修改Node标签 → 准入控制旧状态缺失 → 绕过Webhook策略 → 影响调度器决策    关键节点：kube-apiserver旧状态字段传递缺陷，Validating Webhook状态验证不完整    权限扩展：节点属性修改权 → 调度策略绕过 → 工作负载部署控制权    影响范围：跨数据面节点隔离策略、控制面准入机制、Pod调度拓扑约束    防护薄弱点：准入控制新旧状态对比机制缺陷，Node更新权限过度分配    检测难点：合法节点更新与策略绕过的行为特征重叠，跨平面攻击链路隐蔽  2. 信任边界影响评估    架构影响分析：    - 控制面影响：API层准入控制失效，控制层调度策略被污染    - 数据面影响：计算层节点标签完整性破坏，网络层拓扑约束失效    - 跨平面...
CVE-2019-11254,6.5,MEDIUM,CWE-1050,2025-05-29T03:06:20.803700,80.03,Analyzer_3,deepseek-r1-250120,True,1,36,81,127,kubernetes/kubernetes,  ``` 1. 信任边界类别分析    主要边界突破：数据面→控制面 - 控制面资源滥用（新类别）    次要边界突破：外部→内部 - 外部→API层访问路径创建    架构层次影响：数据面客户端→控制面API层→控制层调度能力    技术路径：构造YAML锚点炸弹→API Server解析器O(n²)消耗→CPU资源耗尽→集群API不可用    关键节点：YAML解析器的递归处理未做资源限制    权限扩展：合法API权限→控制平面服务拒绝能力    影响范围：跨越数据面请求端到控制面核心组件，导致全集群管理功能瘫痪    防护薄弱点：API层缺乏请求复杂度审查机制    检测难点：合法YAML语法与攻击载荷难以区分  2. 信任边界影响评估    架构影响分析：    - 控制面影响：API层服务中断，控制层协调功能瘫痪，存储层写入操作阻塞    - 数据面影响：工作负载调度停止，现有Pod保持运行但无法变更    - 跨平面传播：数据面请求直接影响控制面核心服务可用性    - 节点拓扑影响：Master节点API Server不可用，Worker节点工作负载不受直接影响   ...
CVE-2018-1002101,5.9,MEDIUM,N/A,2025-05-29T03:06:21.152752,30.48,Analyzer_1,deepseek-r1-250120,True,1,1,12,6,kubernetes/kubernetes,  ``` 1. 信任边界类别分析    主要边界突破：数据面(容器)→宿主机 - Pod→Worker节点逃逸    次要边界突破：数据面→控制面 - Pod→API Server权限提升（需kubelet高权限）    架构层次影响：数据面计算层→Worker节点操作系统层    技术路径：构造恶意mountPath→kubelet命令拼接→Windows命令注入→宿主机命令执行    关键节点：kubelet处理volumeMounts时的参数转义逻辑缺失    权限扩展：Pod创建权限→节点系统命令执行权限（取决于kubelet运行权限）    影响范围：Windows节点计算层完整性，可能影响控制平面（若节点权限足够）    防护薄弱点：kubelet输入验证机制不完善，Windows路径处理特殊字符未过滤    检测难点：合法volumeMounts配置与恶意注入的区分困难，跨OS命令特征差异  2. 信任边界影响评估    架构影响分析：    - 控制面影响：间接风险（若节点权限被用于攻击API Server）    - 数据面影响：计算层隔离突破（Pod到宿主机逃逸）...
CVE-2019-11255,4.8,MEDIUM,"CWE-20, CWE-20",2025-05-29T03:06:25.674700,47.8,Analyzer_2,deepseek-r1-250120,True,5,12,650,95,"kubernetes-csi/external-provisioner, kubernetes-csi/external-resizer, kubernetes-csi/external-snapshotter",  ``` 1. 信任边界类别分析    主要边界突破：数据面 → 控制面 - 容器→控制器状态操纵    次要边界突破：控制面 → 数据面 - 控制面→存储层配置污染    架构层次影响：数据面计算层→控制面控制层→存储层    技术路径：伪造PVC参数→绕过CSI驱动鉴权→直接操作底层存储系统    关键节点：CSI sidecar对用户输入参数（如snapshotHandle）的关联性验证缺失    权限扩展：PVC操作权限→底层存储系统管理权限→跨PersistentVolume数据访问    影响范围：CSI控制平面组件、动态卷存储系统、关联的PersistentVolume数据    防护薄弱点：CSI驱动与控制平面其他组件的鉴权联动不足    检测难点：存储操作参数合法性验证困难，与正常业务操作难以区分  2. 信任边界影响评估    架构影响分析：    - 控制面影响：控制层CSI控制器状态协调逻辑被污染    - 数据面影响：存储层卷数据完整性被破坏    - 跨平面传播：数据面存储请求污染控制面协调状态    - 节点拓扑影响：Worker节点CSI插件可能成为攻...
CVE-2019-1002100,6.5,MEDIUM,CWE-770,2025-05-29T03:06:29.414003,45.27,Analyzer_0,deepseek-r1-250120,True,1,3,80,0,kubernetes/kubernetes,  ``` 1. 信任边界类别分析    主要边界突破：数据面→控制面 - Pod→API Server权限滥用    次要边界突破：控制面组件间 - API Server资源管理失效    架构层次影响：数据面计算层→控制面API层    技术路径：授权用户构造O(n²)复杂度的JSON-Patch→API Server CPU资源耗尽→控制平面服务中断    关键节点：API Server的JSON-Patch处理模块未实施操作复杂度校验    权限扩展：合法PATCH权限→控制平面可用性破坏权限    影响范围：API层服务中断→控制层协调功能失效→存储层数据更新受阻    防护薄弱点：API层缺乏请求复杂度校验机制，RBAC未区分高危操作类型    检测难点：合法操作与恶意攻击行为模式高度相似，资源消耗特征易与正常负载混淆  2. 信任边界影响评估    架构影响分析：    - 控制面影响：API层处理能力瘫痪，控制层watch机制中断，存储层写入延迟增加    - 数据面影响：间接导致工作负载编排操作（如扩缩容）无法执行    - 跨平面传播：数据面用户操作直接冲击控制面核...
CVE-2017-1002101,8.8,HIGH,CWE-59,2025-05-29T03:06:57.184376,36.38,Analyzer_3,deepseek-r1-250120,True,1,1,1,1,kubernetes/kubernetes,  ``` 1. 信任边界类别分析    主要边界突破：数据面(容器)→宿主机 - Pod→Worker节点逃逸    次要边界突破：数据面→控制面 - 工作负载→etcd数据访问（潜在）    架构层次影响：数据面计算层→宿主机OS层→控制面存储层    技术路径：构造subPath路径穿越→绕过kubelet路径校验→挂载宿主机敏感文件    关键节点：kubelet处理volumeMounts.subPath时的路径净化逻辑缺失    权限扩展：容器用户权限→宿主机root权限（通过修改/etc/shadow等）    影响范围：单个Worker节点文件系统→集群全局配置（若攻击Master节点组件）    防护薄弱点：kubelet路径校验机制缺失，Pod创建准入控制不验证subPath    检测难点：合法volumeMounts使用与攻击行为难以区分，跨层次攻击链路隐蔽  2. 信任边界影响评估    架构影响分析：    - 控制面影响：间接威胁存储层（若挂载etcd数据目录），API层鉴权机制旁路    - 数据面影响：计算层隔离失效，存储层卷隔离突破，网络层未直接涉及...
CVE-2017-1000056,9.8,CRITICAL,CWE-862,2025-05-29T03:07:03.176520,42.02,Analyzer_1,deepseek-r1-250120,True,1,2,6,8,kubernetes/kubernetes,  ``` 1. 信任边界类别分析    主要边界突破：数据面→控制面 - Pod→API Server权限提升    次要边界突破：数据面(容器)→宿主机 - Pod→Worker节点逃逸    架构层次影响：数据面计算层→控制面API层→节点隔离层    技术路径：创建Pod请求→绕过PSP授权检查→绑定高权限PSP→部署特权容器→宿主机逃逸    关键节点：PSP准入控制器的RBAC绑定验证缺失    权限扩展：普通Pod创建权限→宿主机root权限→集群管理权限    影响范围：跨数据面和控制面，影响Worker节点隔离和集群策略执行    防护薄弱点：PSP与RBAC策略解耦，准入控制验证链不完整    检测难点：合法PSP使用与恶意绕过的行为特征高度相似  2. 信任边界影响评估    架构影响分析：    - 控制面影响：API层PSP授权失效，控制层准入策略执行被绕过    - 数据面影响：计算层容器隔离突破，节点级资源控制权丢失    - 跨平面传播：数据面Pod创建操作反向污染控制面安全策略    - 节点拓扑影响：Worker节点沦为攻击跳板，可能威胁Master...
CVE-2016-1905,7.7,HIGH,CWE-284,2025-05-29T03:07:07.521560,38.1,Analyzer_0,deepseek-r1-250120,True,1,2,114,15,kubernetes/kubernetes,  ``` 1. 信任边界类别分析    主要边界突破：数据面→控制面 - Pod→API Server权限提升    次要边界突破：多租户间隔离 - 命名空间→跨租户资源访问    架构层次影响：数据面计算层→控制面API层→存储层    技术路径：构造恶意PATCH请求→绕过准入控制校验→修改跨命名空间资源配置→触发控制器错误协调    关键节点：API Server admission control校验链执行顺序缺陷    权限扩展：普通用户权限→跨命名空间写权限→集群级资源配置权限    影响范围：跨越RBAC策略边界，影响控制面API层和数据面工作负载    防护薄弱点：准入控制校验顺序依赖，资源版本校验机制不完善    检测难点：合法PATCH操作与恶意请求在审计日志中特征相似  2. 信任边界影响评估    架构影响分析：    - 控制面影响：API层鉴权完整性失效，控制层协调逻辑被污染    - 数据面影响：计算层工作负载配置被篡改，网络层服务端点劫持    - 跨平面传播：控制面配置错误导致数据面工作负载异常    - 节点拓扑影响：Master节点API Ser...
CVE-2019-9946,7.5,HIGH,CWE-670,2025-05-29T03:07:15.750495,50.07,Analyzer_2,deepseek-r1-250120,True,1,5,27,9,containernetworking/plugins,  ``` 1. 信任边界类别分析    主要边界突破：数据面内部 → 网络层规则覆盖（新类别）    次要边界突破：数据面→控制面 - 控制面→网络层配置污染    架构层次影响：数据面网络层→控制面服务抽象层    技术路径：创建hostPort Pod→CNI插件错误插入iptables规则→覆盖KUBE-SERVICES链→劫持NodePort流量    关键节点：portmap插件规则插入位置（链前端）    权限扩展：Pod网络流量拦截权→服务流量控制权→集群网络策略绕过    影响范围：数据面网络层服务发现机制、控制面服务抽象逻辑    防护薄弱点：CNI插件默认配置未遵循K8s服务优先级假设    检测难点：iptables规则差异难以区分正常/恶意配置  2. 信任边界影响评估    架构影响分析：    - 控制面影响：服务抽象层(NodePort)规则失效，破坏API声明的预期网络行为    - 数据面影响：网络层流量路由异常，违反Pod与服务间的网络隔离策略    - 跨平面传播：数据面网络配置错误反向影响控制面服务抽象的有效性    - 节点拓扑影响：Work...
CVE-2020-8567,4.9,MEDIUM,"CWE-24, CWE-22",2025-05-29T03:07:42.248076,26.49,Analyzer_2,deepseek-r1-250120,True,4,9,221,13,"Azure/secrets-store-csi-driver-provider-azure, hashicorp/vault-csi-provider, GoogleCloudPlatform/secrets-store-csi-driver-provider-gcp",  ``` 1. 信任边界类别分析    主要边界突破：数据面(容器)→宿主机 - Pod→Worker节点逃逸    次要边界突破：控制面→数据面 - 控制器→工作负载恶意分发    架构层次影响：控制面API层→数据面存储层→宿主机文件系统    技术路径：创建恶意SecretProviderClass→CSI驱动处理参数→路径遍历写入宿主机文件    关键节点：spec.parameters.filePath参数校验缺失，CSI驱动未实施路径规范化    权限扩展：SecretProviderClass创建权限→宿主机文件系统写权限→跨Pod存储污染    影响范围：跨控制面资源配置层和数据面存储挂载层，影响节点级隔离性    防护薄弱点：CRD操作权限粒度不足，CSI驱动未实现输入安全过滤    检测难点：合法资源创建与恶意路径遍历行为难以区分，跨平面攻击链路隐蔽  2. 信任边界影响评估    架构影响分析：    - 控制面影响：API层CRD操作权限控制失效，扩展层配置验证缺失    - 数据面影响：存储层挂载机制被污染，计算层文件隔离性突破    - 跨平面传播：控制面...
CVE-2020-2121,8.8,HIGH,N/A,2025-05-29T03:07:47.773957,44.6,Analyzer_1,deepseek-r1-250120,True,1,1,2,1,jenkinsci/google-kubernetes-engine-plugin,"  ``` 1. 信任边界类别分析    主要边界突破：集群外部→集群内部 - 外部资源→控制面引用注入    次要边界突破：[数据面→控制面 - Pod→API Server权限提升, 控制面→数据面 - 控制器→工作负载恶意分发]    架构层次影响：外部CI/CD系统→控制面API层→数据面计算层    技术路径：构造恶意YAML→Jenkins插件反序列化RCE→滥用Jenkins SA Token→调用Kubernetes API    关键节点：插件YAML解析器类型限制缺失、Jenkins SA Token权限过度    权限扩展：外部攻击者→Jenkins master节点控制权→Kubernetes集群管理权限    影响范围：跨越CI/CD系统与控制平面，影响配置可信性和工作负载安全    防护薄弱点：外部系统与集群的信任链验证缺失、插件供应链安全控制不足    检测难点：合法YAML配置与攻击载荷的语义混淆、跨系统攻击链关联分析困难  2. 信任边界影响评估    架构影响分析：    - 控制面影响：API层凭据泄露风险，控制层配置源可信性被破坏    - 数据..."
CVE-2020-8553,5.9,MEDIUM,"CWE-73, CWE-610",2025-05-29T03:07:48.161956,40.64,Analyzer_0,deepseek-r1-250120,True,2,2,16,10,kubernetes/ingress-nginx,  ``` 1. 信任边界类别分析    主要边界突破：多租户间隔离 - 命名空间→跨租户资源访问    次要边界突破：控制面→数据面 - 控制器→工作负载恶意分发    架构层次影响：控制面API层→数据面网络层    技术路径：创建含连字符资源→触发ingress-nginx路径冲突→覆盖认证文件→劫持HTTP流量    关键节点：ingress-nginx控制器路径生成算法缺陷    权限扩展：租户级Ingress操作权→跨命名空间认证配置修改权    影响范围：突破命名空间逻辑隔离，影响数据面流量安全    防护薄弱点：控制器未校验用户输入路径构造，多租户Secret访问隔离缺失    检测难点：合法API操作掩盖路径冲突，跨组件配置关联分析困难  2. 信任边界影响评估    架构影响分析：    - 控制面影响：API层RBAC鉴权绕过，控制层配置处理缺陷    - 数据面影响：网络层流量认证机制失效，计算层服务暴露风险    - 跨平面传播：控制面资源操作直接影响数据面配置完整性    - 节点拓扑影响：Worker节点nginx组件配置污染风险     权限边界突破： ...
CVE-2021-25743,3.0,LOW,CWE-150,2025-05-29T03:07:48.380896,51.19,Analyzer_3,deepseek-r1-250120,True,2,9,139,13,kubernetes/kubernetes,  ``` 1. 信任边界类别分析    主要边界突破：[新类别] 控制面→外部用户终端    次要边界突破：数据面→控制面 - 容器→控制器状态操纵    架构层次影响：控制面API层→用户终端显示层    技术路径：创建含转义序列的Event→API Server存储→用户执行kubectl→终端解析恶意序列    关键节点：Event资源存储层未过滤控制字符、kubectl输出层未启用终端过滤    权限扩展：Event资源写入权限→终端显示控制权限    影响范围：控制面数据存储层到用户终端显示层的信息完整性    防护薄弱点：API层输出数据过滤机制缺失，kubectl客户端输出安全假设不成立    检测难点：合法终端控制字符与恶意注入难以区分，跨架构层攻击链路隐蔽  2. 信任边界影响评估    架构影响分析：    - 控制面影响：API层数据存储未验证输出安全性，破坏控制面数据可信性假设    - 数据面影响：用户终端作为数据消费端，显示层完整性被破坏    - 跨平面传播：控制面存储的污染数据直接影响外部用户终端    - 节点拓扑影响：Master节点存储的Even...
CVE-2020-8569,4.3,MEDIUM,"CWE-476, CWE-476",2025-05-29T03:08:23.176002,35.4,Analyzer_1,deepseek-r1-250120,True,1,3,39,2,kubernetes-csi/external-snapshotter,  ``` 1. 信任边界类别分析    主要边界突破：数据面 → 控制面 - 容器→控制器状态操纵    次要边界突破：控制平面组件间 - 扩展组件→核心组件可用性    架构层次影响：数据面计算层→控制面控制层→存储层配置状态    技术路径：创建畸形VolumeSnapshot→触发空指针→控制器崩溃循环→破坏快照服务    关键节点：CSI控制器资源验证缺失，异常处理机制不健全    权限扩展：Pod级操作权限→控制面组件级破坏能力    影响范围：跨越数据面API操作到控制面扩展组件可用性    防护薄弱点：准入控制缺失必要字段校验，控制器缺乏panic恢复机制    检测难点：合法API请求与恶意资源注入难以区分，崩溃循环特征易混淆  2. 信任边界影响评估    架构影响分析：    - 控制面影响：控制层CSI控制器可用性中断，存储层快照配置状态异常    - 数据面影响：计算层快照操作能力丧失，存储层PVC快照功能不可用    - 跨平面传播：数据面API操作直接影响控制面扩展组件运行状态    - 节点拓扑影响：控制器Pod所在Worker节点资源消耗增加     ...
CVE-2020-8568,5.8,MEDIUM,"CWE-20, CWE-24, CWE-22",2025-05-29T03:08:34.303113,52.05,Analyzer_2,deepseek-r1-250120,True,1,13,645,133,kubernetes-sigs/secrets-store-csi-driver,  ``` 1. 信任边界类别分析    主要边界突破：控制面→数据面 - 控制面→存储层配置污染    次要边界突破：数据面(容器)→宿主机 - Pod→Worker节点逃逸    架构层次影响：控制面扩展层→数据面存储层→节点隔离层    技术路径：篡改CRD status字段→CSI Driver写入越权路径→宿主敏感文件覆盖→同步至集群Secret    关键节点：SecretProviderClassPodStatus控制器未校验targetPath合法性    权限扩展：CRD修改权限→宿主机文件系统写权限→其他Pod Secret访问权限    影响范围：控制面扩展组件安全→数据面存储隔离→跨Pod机密数据泄露    防护薄弱点：扩展组件输入验证缺失，RBAC对CRD操作权限过度授权    检测难点：status字段修改属于合法操作模式，路径注入难以与正常使用区分  2. 信任边界影响评估    架构影响分析：    - 控制面影响：扩展层控制器逻辑缺陷导致存储配置污染    - 数据面影响：计算层Pod存储隔离突破，存储层Secret同步机制滥用    - 跨平面传播：...
CVE-2021-28448,7.8,HIGH,N/A,2025-05-29T03:08:42.524116,54.36,Analyzer_0,deepseek-r1-250120,True,2,3,131,28,vscode-kubernetes-tools/vscode-kubernetes-tools,  ``` 1. 信任边界类别分析    主要边界突破：集群外部→内部 - 外部→API层访问路径创建    次要边界突破：控制面→数据面 - 控制器→工作负载恶意分发    架构层次影响：外部客户端→控制面API层→数据面计算层    技术路径：恶意YAML触发本地RCE→窃取kubeconfig凭证→通过API Server下发恶意工作负载    关键节点：VSCode扩展的反序列化漏洞、本地凭证存储保护机制    权限扩展：本地用户权限→集群API访问权限→数据面工作负载控制权    影响范围：跨越开发环境到控制平面，潜在影响整个数据平面工作负载    防护薄弱点：客户端工具链安全验证缺失，凭证存储缺乏硬件隔离    检测难点：合法API凭证的异常使用识别，跨环境攻击链条关联分析  2. 信任边界影响评估    架构影响分析：    - 控制面影响：API层面临未授权访问风险，控制层可能被下发恶意协调指令    - 数据面影响：计算层可能被部署恶意Pod，网络层策略可能被篡改    - 跨平面传播：外部攻击通过控制面凭证向数据面扩散恶意负载    - 节点拓扑影响：Worker节...
CVE-2021-21303,5.9,MEDIUM,CWE-74,2025-05-29T03:09:03.209120,74.83,Analyzer_3,deepseek-r1-250120,True,2,60,788,452,helm/helm,  ``` 1. 信任边界类别分析    主要边界突破：集群外部 → 集群内部 - 外部资源引用注入    次要边界突破：数据面 → 控制面 - 容器→控制器状态操纵    架构层次影响：外部工具链→控制面API层→数据面计算层    技术路径：构造恶意Chart元数据→终端转义注入→诱导用户执行危险操作→部署恶意负载    关键节点：Helm对SemVer字段的清理缺失，终端对转义序列的自动解析    权限扩展：终端会话控制→集群部署权限→潜在工作负载控制权    影响范围：跨越用户终端环境、Helm部署通道和集群资源部署流程    防护薄弱点：Chart元数据验证机制不完善，终端安全防护未纳入K8s安全框架    检测难点：转义序列注入与合法终端显示的混淆，跨信任域攻击链条隐蔽  2. 信任边界影响评估    架构影响分析：    - 控制面影响：通过诱导的helm命令间接影响API层资源创建    - 数据面影响：恶意Chart可能携带高危工作负载进入计算层    - 跨平面传播：终端欺骗操作可能触发跨平面资源部署    - 节点拓扑影响：影响开发者终端环境，间接威胁Worker...
CVE-2021-32783,8.5,HIGH,"CWE-441, CWE-610",2025-05-29T03:09:17.263203,42.96,Analyzer_2,deepseek-r1-250120,True,2,38,786,70,projectcontour/contour,  ``` 1. 信任边界类别分析    主要边界突破：集群外部→集群内部 - 外部→API层访问路径创建 (5.1)    次要边界突破：控制面→数据面 - 控制器→工作负载恶意分发 (2.1)    架构层次影响：控制面API层→数据面网络层→控制面存储层    技术路径：创建ExternalName Service→Contour控制器错误配置→Envoy admin接口暴露→远程管理操作    关键节点：Contour控制器未校验externalName字段指向本地admin接口    权限扩展：Service创建权限→Envoy实例控制权限→Secret元数据访问权限    影响范围：跨越API层到数据平面，影响Ingress流量控制及配置机密性    防护薄弱点：准入控制缺失externalName校验，网络策略未隔离admin端口    检测难点：合法Service创建与恶意配置的语义差异难以识别  2. 信任边界影响评估    架构影响分析：    - 控制面影响：API层资源校验缺陷，控制层配置分发机制被滥用    - 数据面影响：网络层服务暴露，计算层组件被远程操控...
CVE-2021-41254,8.8,HIGH,"CWE-78, CWE-78",2025-05-29T03:09:20.122294,37.59,Analyzer_0,deepseek-r1-250120,True,21,142,6012,3588,fluxcd/kustomize-controller,  ``` 1. 信任边界类别分析    主要边界突破：数据面→控制面 - Pod→API Server权限提升    次要边界突破：多租户间隔离 - 共享控制面→租户权限提升    架构层次影响：数据面计算层→控制面扩展层→存储层    技术路径：Secret注入恶意脚本→kustomize-controller容器执行→利用SA Token调用API Server    关键节点：kustomize-controller容器保留kubectl二进制和shell执行能力    权限扩展：租户级应用部署权限→控制器SA权限→集群管理员权限    影响范围：跨数据面工作负载和控制面扩展组件，危及多租户集群全局安全    防护薄弱点：CRD控制器权限未遵循最小化原则，容器镜像包含高危组件    检测难点：合法Kustomization操作与恶意脚本注入难以区分  2. 信任边界影响评估    架构影响分析：    - 控制面影响：扩展层控制器权限滥用，API层鉴权策略绕过，存储层密钥泄露    - 数据面影响：计算层容器隔离失效，网络层未受直接影响，存储层通过API间接访问    - 跨平...
CVE-2021-21334,6.3,MEDIUM,CWE-668,2025-05-29T03:09:33.308153,70.13,Analyzer_1,deepseek-r1-250120,True,2,6,70,2,containerd/containerd,  ``` 1. 信任边界类别分析    主要边界突破：数据面 → 控制面 - Pod→API Server权限提升    次要边界突破：数据面(容器) → 宿主机 - 共同部署攻击面扩展    架构层次影响：数据面计算层→控制面API层    技术路径：利用环境变量共享缺陷→窃取SA Token→访问API Server→控制面权限提升    关键节点：containerd CRI环境变量处理模块    权限扩展：容器级→节点级→集群管理权限    影响范围：跨Pod敏感数据泄露，潜在控制面资源访问    防护薄弱点：容器运行时环境隔离机制，敏感数据注入方式    检测难点：合法环境变量使用模式，跨容器信息流监控缺失  2. 信任边界影响评估    架构影响分析：    - 控制面影响：API层鉴权依赖泄露的凭据，存储层Secret数据可能暴露    - 数据面影响：计算层容器隔离失效，网络层未直接受影响    - 跨平面传播：通过泄露的SA Token建立数据面到控制面的攻击通道    - 节点拓扑影响：Worker节点内部容器间安全隔离被突破     权限边界突破：    - 权...
CVE-2022-21701,5.0,MEDIUM,"CWE-863, CWE-863",2025-05-29T03:09:53.048185,35.78,Analyzer_2,deepseek-r1-250120,True,2,4,18,18,istio/istio,  ``` 1. 信任边界类别分析    主要边界突破：控制面→数据面 - 控制器→工作负载恶意分发    次要边界突破：数据面→控制面 - 容器→控制器状态操纵    架构层次影响：控制面扩展层→数据面计算层    技术路径：创建Gateway CRD→Istiod控制器解析→绕过RBAC校验→创建非授权Pod    关键节点：Istiod控制器未校验下游资源创建权限    权限扩展：Gateway CRD创建权→Pod创建权→节点级代码执行权限    影响范围：跨越API层/控制层扩展组件至数据面计算层    防护薄弱点：扩展控制器权限过载，Alpha功能权限校验缺失    检测难点：合法Gateway与恶意对象行为模式相似，跨平面操作链路隐蔽  2. 信任边界影响评估    架构影响分析：    - 控制面影响：API层CRD处理逻辑缺陷，控制层扩展组件权限失控    - 数据面影响：计算层注入非授权Pod，破坏工作负载隔离性    - 跨平面传播：控制面权限漏洞直接污染数据面计算环境    - 节点拓扑影响：Worker节点可能被恶意Pod攻陷，威胁Master节点安全    ...
CVE-2021-39159,9.6,CRITICAL,"CWE-94, CWE-78",2025-05-29T03:09:57.009329,53.8,Analyzer_3,deepseek-r1-250120,True,0,0,0,0,jupyterhub/binderhub,  ``` 1. 信任边界类别分析    主要边界突破：数据面→控制面 - Pod→API Server权限提升    次要边界突破：数据面(容器)→宿主机 - Pod→Worker节点逃逸    架构层次影响：数据面计算层→控制面API层→存储层→节点拓扑层    技术路径：注入恶意Pod配置→窃取SA Token→调用Kubernetes API→创建特权工作负载    关键节点：      - BinderHub的Git输入处理模块（数据面入口）      - Pod生成的command/env字段注入点（计算层执行）      - ServiceAccount Token自动挂载机制（控制面凭据泄露）    权限扩展：容器进程权限→集群API操作权限→节点宿主机权限（取决于RBAC配置）    影响范围：      - 横向：BinderHub服务→Kubernetes集群→容器镜像仓库      - 纵向：应用层→控制平面→基础设施层    防护薄弱点：      - BinderHub未实施输入参数沙箱化处理      - 默认ServiceAccount绑定过度宽松的RB...
CVE-2022-0811,8.8,HIGH,"CWE-94, CWE-94",2025-05-29T03:10:03.300905,43.18,Analyzer_0,deepseek-r1-250120,True,1,4,19,54,cri-o/cri-o,  ``` 1. 信任边界类别分析    主要边界突破：数据面(容器)→宿主机 - Pod→Worker节点逃逸    次要边界突破：[控制面→数据面 - 控制器→工作负载恶意分发]    架构层次影响：数据面计算层→节点宿主机层→控制面存储层    技术路径：创建含恶意annotations的Pod→CRI-O解析漏洞→覆盖内核参数→触发容器逃逸    关键节点：CRI-O对Pod注解的内核参数验证缺失    权限扩展：Pod创建权限→宿主机root权限→潜在集群级控制权限    影响范围：单节点控制→集群横向渗透→控制面凭证泄露风险    防护薄弱点：CRI-O输入验证缺陷，PSA未强制限制危险注解    检测难点：合法Pod配置与恶意注入行为难以区分  2. 信任边界影响评估    架构影响分析：    - 控制面影响：通过节点凭据访问API Server，潜在etcd数据泄露    - 数据面影响：计算层隔离完全突破，节点存储/网络层暴露    - 跨平面传播：数据面节点沦陷可反向渗透控制平面    - 节点拓扑影响：Worker节点成为攻击跳板，威胁Master节点安全   ...
CVE-2022-23648,7.5,HIGH,CWE-200,2025-05-29T03:10:10.558967,37.25,Analyzer_1,deepseek-r1-250120,True,4,6,56,4,containerd/containerd,  ``` 1. 信任边界类别分析    主要边界突破：数据面(容器)→宿主机 - Pod→Worker节点逃逸    次要边界突破：数据面→控制面 - 工作负载→etcd数据访问    架构层次影响：数据面计算层→宿主机存储层→控制面存储层    技术路径：构造恶意镜像挂载路径→绕过containerd校验→访问宿主机文件→窃取控制面凭证→访问API Server/etcd    关键节点：containerd镜像配置文件解析时的路径校验缺失    权限扩展：容器用户权限→宿主机敏感文件读取→集群管理权限    影响范围：跨数据面计算层、宿主机系统层、控制面存储层    防护薄弱点：CRI运行时挂载策略执行不严格，PSP策略绕过    检测难点：合法镜像挂载与恶意路径的区分困难，凭证窃取行为隐蔽  2. 信任边界影响评估    架构影响分析：    - 控制面影响：存储层etcd密钥可能通过窃取的kubelet证书间接暴露    - 数据面影响：计算层容器隔离失效，宿主机存储层敏感文件泄露    - 跨平面传播：通过宿主机凭证实现数据面到控制面的权限提升    - 节点拓扑影响：Wo...
CVE-2022-24817,9.9,CRITICAL,"CWE-94, CWE-94",2025-05-29T03:10:46.955407,53.9,Analyzer_2,deepseek-r1-250120,True,4,20,78,22,"fluxcd/kustomize-controller, fluxcd/helm-controller",  ``` 1. 信任边界类别分析    主要边界突破：数据面→控制面 - Pod→API Server权限提升    次要边界突破：控制面→数据面 - 控制器→工作负载恶意分发    架构层次影响：数据面计算层→控制面控制层→数据面计算层    技术路径：API层注入恶意CRD→控制层加载恶意kubeconfig→执行宿主机级命令→横向控制Worker节点    关键节点：控制器SA权限配置、CRD字段验证缺失    权限扩展：租户CRD操作权限→控制器SA集群权限→宿主机root权限    影响范围：跨越API层/控制层/计算层，影响多租户隔离和节点安全    防护薄弱点：CRD字段验证缺失，控制器Pod安全配置不足    检测难点：合法CRD操作掩盖攻击，跨平面攻击链关联分析困难  2. 信任边界影响评估    架构影响分析：    - 控制面影响：API层CRD验证失效，控制层组件沦为攻击载体    - 数据面影响：计算层容器逃逸风险，节点级权限完全失控    - 跨平面传播：通过控制面组件将攻击载荷注入数据面节点    - 节点拓扑影响：Worker节点沦为攻击跳板，可能威胁...
CVE-2022-29164,7.1,HIGH,CWE-269,2025-05-29T03:10:47.455398,50.44,Analyzer_3,deepseek-r1-250120,True,7,15,100,158,argoproj/argo-workflows,  ``` 1. 信任边界类别分析    主要边界突破：控制平面组件间 - API Server ↔ Controller SSRF    次要边界突破：数据面→控制面 - Pod→API Server权限提升    架构层次影响：控制面扩展层→API层→存储层    技术路径：构造恶意Workflow→生成含XHR的HTML→用户触发脚本→滥用合法会话访问API    关键节点：Argo Server未实施CSP策略限制XHR调用    权限扩展：攻击者Workflow创建权限→受害者API操作权限→集群资源控制权限    影响范围：跨控制面扩展组件和API层，影响工作流数据及集群资源    防护薄弱点：第三方扩展组件的会话管理机制，HTML内容安全策略缺失    检测难点：合法用户会话中的异常API调用模式识别  2. 信任边界影响评估    架构影响分析：    - 控制面影响：扩展层XSS漏洞导致API层鉴权旁路，存储层工作流数据泄露    - 数据面影响：用户浏览器成为攻击跳板，间接影响数据面计算层    - 跨平面传播：通过用户代理实现数据面到控制面的非直接权限传递    ...
CVE-2022-24731,6.8,MEDIUM,"CWE-22, CWE-284, CWE-22, CWE-209",2025-05-29T03:11:18.582484,75.28,Analyzer_0,deepseek-r1-250120,True,2,36,1170,910,argoproj/argo-cd,  ``` 1. 信任边界类别分析    主要边界突破：控制面组件间 - 控制器→存储层信息泄露    次要边界突破：数据面→控制面 - Pod→API Server权限提升    架构层次影响：控制面控制层→存储层→数据面计算层    技术路径：构造恶意Application→API Server授权→repo-server路径遍历→读取节点敏感文件→结果回传    关键节点：repo-server的Helm路径校验缺失，API Server的RBAC权限过度授予    权限扩展：Application操作权限→repo-server文件系统访问权→集群凭据获取→控制平面完全控制    影响范围：Argo CD控制平面组件、挂载的Secret数据、其他Application源码仓库    防护薄弱点：CRD控制器文件访问未纳入Pod安全策略，Helm参数缺乏路径规范化    检测难点：合法Helm操作与恶意遍历行为难以区分，错误日志泄露难以实时监控  2. 信任边界影响评估    架构影响分析：    - 控制面影响：控制层Helm处理器逻辑缺陷，存储层Secret文件泄露风险   ...
CVE-2022-24878,7.7,HIGH,"CWE-22, CWE-22",2025-05-29T03:11:22.045362,35.09,Analyzer_2,deepseek-r1-250120,True,2,6,3974,324,fluxcd/kustomize-controller,  ``` 1. 信任边界类别分析    主要边界突破：数据面→控制面 - 容器→控制器状态操纵    次要边界突破：[]    架构层次影响：数据面计算层→控制面扩展层    技术路径：创建恶意Kustomization资源→控制器解析越界路径→触发异常处理失败→控制器进程崩溃    关键节点：kustomize-controller的路径规范化逻辑缺陷    权限扩展：应用部署权限→控制器管理权限（间接影响集群运维能力）    影响范围：Flux CD控制器可用性，中断GitOps工作流同步    防护薄弱点：第三方控制器输入验证机制不完善    检测难点：合法Kustomization配置与攻击载荷的模糊边界  2. 信任边界影响评估    架构影响分析：    - 控制面影响：扩展层控制器可用性丧失，影响声明式配置同步能力    - 数据面影响：间接导致应用层部署停滞，不直接影响计算层资源    - 跨平面传播：数据面资源配置错误触发控制面组件故障    - 节点拓扑影响：控制器Pod所在节点资源耗尽风险     权限边界突破：    - 权限扩展路径：Kustomizatio...
CVE-2022-24877,9.9,CRITICAL,"CWE-22, CWE-36, CWE-22",2025-05-29T03:11:31.823564,81.26,Analyzer_1,deepseek-r1-250120,True,2,10,116,88,fluxcd/kustomize-controller,  ``` 1. 信任边界类别分析    主要边界突破：数据面(容器)→宿主机 - Pod→Worker节点逃逸 (3.1)    次要边界突破：数据面→控制面 - Pod→API Server权限提升 (1.1)    架构层次影响：数据面计算层→控制面存储层/API层    技术路径：恶意Kustomization注入→控制器路径遍历→宿主机敏感文件读取→凭据注入Secret→API Server权限提升    关键节点：kustomize-controller的路径清理逻辑缺失（repoPath连接校验缺陷）    权限扩展：Kustomization操作权限→宿主机文件系统访问→集群管理员权限    影响范围：跨数据面（Pod/节点）和控制面（API/etcd）    防护薄弱点：CRD资源输入验证缺失，控制器Pod挂载宿主机构造    检测难点：合法YAML配置中的路径遍历特征难以静态识别  2. 信任边界影响评估    架构影响分析：    - 控制面影响：API层凭据泄露风险，存储层敏感配置暴露    - 数据面影响：计算层容器逃逸，节点级文件系统完整性破坏    - 跨...
CVE-2022-31030,5.5,MEDIUM,CWE-400,2025-05-29T03:11:56.545348,37.96,Analyzer_0,deepseek-r1-250120,True,2,8,218,32,containerd/containerd,  ``` 1. 信任边界类别分析    主要边界突破：数据面(容器)→宿主机 - 容器→节点资源耗尽    次要边界突破：数据面→控制面 - 容器→控制器状态操纵    架构层次影响：数据面计算层→节点资源层→控制面调度层    技术路径：创建恶意exec探针Pod→触发containerd内存泄漏→耗尽节点内存→引发Pod驱逐    关键节点：containerd的ExecSync API内存分配机制缺陷    权限扩展：Pod创建权限→节点级DoS攻击能力→间接影响控制面调度决策    影响范围：单个Worker节点→跨节点Pod调度→集群稳定性风险    防护薄弱点：CRI运行时内存管理机制缺失，Exec操作审计粒度不足    检测难点：内存消耗模式与合法进程相似，跨容器-节点层监控割裂  2. 信任边界影响评估    架构影响分析：    - 控制面影响：调度层因节点NotReady状态触发Pod迁移    - 数据面影响：计算层内存资源耗尽，网络层服务中断    - 跨平面传播：数据面资源异常触发控制面自愈机制    - 节点拓扑影响：Worker节点服务中断，可能引发级联...
CVE-2022-31016,6.5,MEDIUM,"CWE-400, CWE-770",2025-05-29T03:12:13.710575,51.66,Analyzer_2,deepseek-r1-250120,True,2,52,1414,228,argoproj/argo-cd,  ``` 1. 信任边界类别分析    主要边界突破：数据面 → 控制面 - 容器 → 控制器状态操纵    次要边界突破：无    架构层次影响：数据面计算层 → 控制面扩展层    技术路径：创建Application资源指向恶意仓库 → repo-server同步大文件 → 内存分配失控 → 服务崩溃    关键节点：repo-server内存分配逻辑缺陷，未实施资源限制    权限扩展：Application部署权限 → 控制面服务终止能力    影响范围：Argo CD控制平面组件（repo-server），中断持续部署流程    防护薄弱点：扩展组件资源限制缺失，仓库内容安全审查不足    检测难点：合法操作与恶意攻击行为模式重叠，内存消耗突增难以实时关联  2. 信任边界影响评估    架构影响分析：    - 控制面影响：扩展层组件（repo-server）可用性丧失，不影响核心API/etcd    - 数据面影响：仅涉及Git仓库操作，不破坏Pod/节点隔离    - 跨平面传播：数据面资源操作直接影响控制面扩展组件稳定性    - 节点拓扑影响：若repo-se...
CVE-2021-4178,6.7,MEDIUM,"CWE-502, CWE-502",2025-05-29T03:12:17.162639,45.34,Analyzer_1,deepseek-r1-250120,True,1,1,71,0,fabric8io/kubernetes-client,  ``` 1. 信任边界类别分析    主要边界突破：数据面 → 控制面 - Pod → API Server权限提升    次要边界突破：[容器 → 宿主机 - Pod → Worker节点逃逸]    架构层次影响：数据面计算层 → 控制面API层    技术路径：恶意YAML反序列化→客户端RCE→调用Kubernetes API执行集群操作    关键节点：Fabric8客户端的YAML解析模块（io.fabric8.kubernetes-client）    权限扩展：客户端所在主机的本地用户权限 → Kubernetes集群管理权限    影响范围：跨越Java应用运行环境和集群控制平面，影响客户端宿主节点及关联集群资源    防护薄弱点：第三方客户端库的输入验证机制，RBAC策略对客户端凭据的过度授权    检测难点：YAML反序列化攻击特征隐蔽，合法API调用与恶意操作难以区分  2. 信任边界影响评估    架构影响分析：    - 控制面影响：API层面临非法资源操作风险，依赖客户端的控制器可能执行异常指令    - 数据面影响：计算层Java应用被完全控制，可能...
CVE-2022-24904,4.3,MEDIUM,"CWE-59, CWE-61, CWE-59",2025-05-29T03:12:19.086597,91.63,Analyzer_3,deepseek-r1-250120,True,2,8,406,26,argoproj/argo-cd,  ``` 1. 信任边界类别分析    主要边界突破：控制平面组件间 - 控制器→存储层信息泄露    次要边界突破：数据面→控制面 - 工作负载→etcd数据访问    架构层次影响：控制面存储层→数据面计算层→控制面扩展层    技术路径：提交含符号链接的Application→repo-server渲染恶意目录→读取挂载的Secrets→通过API泄露敏感数据    关键节点：repo-server路径校验缺失符号链接检查，控制面组件文件系统共享机制    权限扩展：应用开发者权限→集群Secret读取权限→跨应用配置访问权限    影响范围：突破GitOps流程隔离，影响多Application配置机密性    防护薄弱点：目录型应用的文件校验机制，控制面组件挂载Secret的共享策略    检测难点：符号链接攻击与正常Git操作的行为相似性，跨组件日志关联分析困难  2. 信任边界影响评估    架构影响分析：    - 控制面影响：存储层Secret加密机制有效性被削弱，扩展层Argo CD组件信任链断裂    - 数据面影响：计算层repo-server文件隔离机制失效...
CVE-2022-31035,9.0,CRITICAL,CWE-79,2025-05-29T03:12:51.283739,54.74,Analyzer_0,deepseek-r1-250120,True,2,8,110,6,argoproj/argo-cd,  ``` 1. 信任边界类别分析    主要边界突破：控制平面组件间 - 扩展组件→核心组件权限滥用    次要边界突破：数据面→控制面 - Pod→API Server权限提升    架构层次影响：控制面扩展层→API层→数据面计算层    技术路径：恶意XSS注入→劫持用户会话→调用Argo CD API→操作Kubernetes资源    关键节点：UI层URL验证缺失、用户会话权限继承机制    权限扩展：普通用户→Argo CD管理员→Kubernetes集群管理员    影响范围：跨越控制面扩展组件与核心API层，影响数据面工作负载    防护薄弱点：第三方扩展组件的输入验证不足，UI层安全假设过度信任    检测难点：合法API调用与恶意操作的区分，跨组件攻击链追溯  2. 信任边界影响评估    架构影响分析：    - 控制面影响：API层身份伪装风险，扩展层信任链污染    - 数据面影响：计算层资源被恶意创建/删除，存储层密钥泄露    - 跨平面传播：通过控制面API操作直接影响数据面资源配置    - 节点拓扑影响：Master节点Argo CD服务成为攻击...
CVE-2022-36035,7.7,HIGH,CWE-22,2025-05-29T03:12:53.667723,36.5,Analyzer_1,deepseek-r1-250120,True,1,2,74,0,fluxcd/flux2,  ``` 1. 信任边界类别分析    主要边界突破：控制面→数据面 - 控制器→工作负载恶意分发    次要边界突破：[数据面(容器)→宿主机 - 共同部署攻击面扩展]    架构层次影响：控制面扩展层→数据面计算层→存储层    技术路径：篡改CLI环境变量→路径遍历覆盖临时配置→注入恶意YAML→同步至集群    关键节点：Flux CLI的路径验证缺失、环境变量残留机制    权限扩展：本地Shell用户→集群部署权限→节点特权容器权限    影响范围：跨越控制面配置管理工具与数据面工作负载部署    防护薄弱点：CLI工具输入验证不足，共享Shell环境隔离缺失    检测难点：合法部署流程掩盖恶意注入，跨架构层操作关联分析困难  2. 信任边界影响评估    架构影响分析：    - 控制面影响：扩展层组件可信性破坏，配置同步机制被滥用    - 数据面影响：计算层恶意负载执行，网络层服务暴露风险    - 跨平面传播：通过控制面工具将攻击载荷注入数据面    - 节点拓扑影响：Worker节点部署流程完整性受损     权限边界突破：    - 权限扩展路径：本地用户→...
CVE-2022-39272,5.0,MEDIUM,"CWE-1284, CWE-1284",2025-05-29T03:13:02.364137,43.28,Analyzer_3,deepseek-r1-250120,True,2,20,54,0,fluxcd/source-controller,  ``` 1. 信任边界类别分析    主要边界突破：数据面 → 控制面 - 容器→控制器状态操纵    次要边界突破：控制面 → 数据面 - 控制器→工作负载恶意分发（间接影响）    架构层次影响：数据面计算层→控制面控制层→API层    技术路径：创建恶意CRD→API Server持久化→控制器watch事件触发panic→协调循环中断    关键节点：API层CRD验证缺失，控制层错误处理机制缺陷    权限扩展：Namespace级CRD修改权→控制平面组件级操作中断    影响范围：控制面source-controller组件可用性，数据面GitOps流程中断    防护薄弱点：CRD字段验证仅依赖控制器逻辑，缺乏API层准入验证    检测难点：合法CRD操作与恶意注入行为特征重叠，panic日志难追踪  2. 信任边界影响评估    架构影响分析：    - 控制面影响：控制层状态协调机制瘫痪，API层CRD处理未受直接影响    - 数据面影响：计算层应用更新停滞，网络层配置同步中断    - 跨平面传播：数据面CRD操作触发控制面组件级故障    - 节点拓扑...
CVE-2022-31036,4.3,MEDIUM,"CWE-20, CWE-61, CWE-59",2025-05-29T03:13:17.605254,63.89,Analyzer_2,deepseek-r1-250120,True,2,20,126,38,argoproj/argo-cd,  ``` 1. 信任边界类别分析    主要边界突破：控制平面组件间 - 控制器→存储层信息泄露    次要边界突破：数据面→控制面 - 工作负载→etcd数据访问    架构层次影响：控制面存储层→数据面计算层→扩展层配置管理    技术路径：Helm Chart提交符号链接→repo-server解析越界文件→读取挂载Secret/应用源文件    关键节点：repo-server的Helm渲染模块未实施路径规范化校验    权限扩展：仓库写入权限→控制面敏感文件读取权限→跨应用数据访问权限    影响范围：Argo CD管理的所有Helm应用源文件及挂载到repo-server的YAML格式Secret    防护薄弱点：扩展组件对用户输入文件处理缺乏安全边界隔离    检测难点：Git提交中的符号链接隐蔽性，合法YAML文件与恶意路径的混淆  2. 信任边界影响评估    架构影响分析：    - 控制面影响：存储层Secret数据通过挂载文件形式泄露，扩展层配置管理流程被污染    - 数据面影响：计算层Helm渲染过程被用于横向数据渗透    - 跨平面传播：通过repo...
CVE-2022-46167,8.8,HIGH,CWE-863,2025-05-29T03:13:27.073036,35.79,Analyzer_0,deepseek-r1-250120,True,4,24,600,28,clastix/capsule,  ``` 1. 信任边界类别分析    主要边界突破：多租户间隔离 - 命名空间→跨租户资源访问    次要边界突破：数据面→控制面 - Pod→API Server权限提升    架构层次影响：控制面API层→控制层协调机制→数据面计算层    技术路径：PATCH Namespace移除ownerReferences→绕过准入控制→禁用安全策略→部署特权Pod逃逸    关键节点：API层RBAC过度授权，控制层Operator协调依赖ownerReferences    权限扩展：租户Namespace操作→集群级安全策略失效→宿主机级容器逃逸    影响范围：跨控制面策略执行层和数据面运行时环境    防护薄弱点：准入控制缺乏ownerReferences写保护，Operator无状态验证机制    检测难点：合法API操作伪装，跨平面攻击链路隐蔽  2. 信任边界影响评估    架构影响分析：    - 控制面影响：API层RBAC绕过，控制层协调失效，存储层Namespace元数据篡改    - 数据面影响：计算层容器隔离突破，网络策略失效，存储卷跨租户访问    - 跨...
CVE-2022-36049,7.7,HIGH,"CWE-400, CWE-770",2025-05-29T03:13:32.119797,38.45,Analyzer_1,deepseek-r1-250120,True,2,8,203,47,fluxcd/helm-controller,  ``` 1. 信任边界类别分析    主要边界突破：多租户间隔离 - 共享控制面→租户权限提升 (6.2)    次要边界突破：数据面→控制面 - 容器→控制器状态操纵 (1.2)    架构层次影响：数据面计算层→控制面控制层→存储层    技术路径：构造恶意HelmRelease→API层资源注入→控制层内存耗尽→协调功能中断    关键节点：Helm SDK的YAML解析逻辑缺陷，控制器缺乏内存隔离机制    权限扩展：租户应用部署权限→控制平面组件运行控制权    影响范围：跨所有使用helm-controller的命名空间，影响控制面可用性    防护薄弱点：CRD资源验证缺失，控制器资源限制未强制实施    检测难点：正常业务YAML与恶意负载难以区分，OOM事件归因困难  2. 信任边界影响评估    架构影响分析：    - 控制面影响：控制层协调功能中断，影响API层的资源协调状态    - 数据面影响：计算层Helm发布流程停滞，网络层服务更新受阻    - 跨平面传播：数据面资源定义异常触发控制面组件崩溃    - 节点拓扑影响：若控制器部署在Master节点...
CVE-2022-23471,5.7,MEDIUM,"CWE-400, CWE-401",2025-05-29T03:13:36.744103,34.38,Analyzer_3,deepseek-r1-250120,True,2,6,64,8,containerd/containerd,  ``` 1. 信任边界类别分析    主要边界突破：数据面(容器)→宿主机 - 容器→节点资源耗尽    次要边界突破：数据面→控制面 - 容器→控制器状态操纵    架构层次影响：数据面计算层→节点资源层→控制面调度层    技术路径：创建TTY+错误命令的Pod→触发containerd goroutine泄漏→耗尽宿主机内存→节点不可用→影响调度器    关键节点：containerd流服务器的goroutine回收机制缺陷    权限扩展：Pod创建权限→节点级资源控制权→集群调度干扰权    影响范围：单节点内存耗尽可触发级联Pod驱逐，影响控制面调度决策    防护薄弱点：CRI运行时资源隔离机制不完善，准入控制缺乏TTY配置审查    检测难点：内存泄漏模式与正常资源消耗难以区分，跨组件日志关联分析复杂  2. 信任边界影响评估    架构影响分析：    - 控制面影响：调度层无法在内存耗尽节点部署新Pod，API层需处理大量Pod驱逐事件    - 数据面影响：计算层资源隔离失效，节点级内存资源被单租户独占    - 跨平面传播：数据面资源枯竭反向影响控制面调度决...
CVE-2023-25165,4.3,MEDIUM,CWE-200,2025-05-29T03:14:05.091978,38.02,Analyzer_0,deepseek-r1-250120,True,2,14,156,20,helm/helm,"  ``` 1. 信任边界类别分析    主要边界突破：[新类别] 外部工具链 → 外部服务    次要边界突破：数据面→控制面 - 通过泄露数据间接影响    架构层次影响：供应链工具层→外部网络服务层    技术路径：恶意Chart注入→Helm渲染触发DNS查询→敏感数据外泄至恶意DNS    关键节点：Helm模板渲染阶段的DNS解析机制    权限扩展：Chart部署权限→外部服务数据接收能力    影响范围：Helm工具链完整性，可能间接威胁集群凭证安全    防护薄弱点：供应链安全验证不足，DNS查询行为监控缺失    检测难点：合法DNS流量中的隐蔽数据外泄，跨工具链攻击面监控  2. 新类别创建    新类别名称：外部工具链 → 外部服务    架构特征：突破CI/CD工具与外部网络服务间的信任隔离    信任假设：""供应链工具处理的数据不会主动外泄至不可信服务""    突破机制：利用工具链功能将敏感数据注入外部服务请求    典型场景：通过模板函数/插件机制向恶意服务泄露数据    与现有类别的区别：不直接涉及集群内部架构层次，聚焦供应链工具到外部服务的信任边界  ..."
CVE-2023-27484,6.2,MEDIUM,"CWE-20, CWE-400, CWE-400",2025-05-29T03:14:13.914249,37.17,Analyzer_3,deepseek-r1-250120,True,2,4,104,22,crossplane/crossplane-runtime,  ``` 1. 信任边界类别分析    主要边界突破：控制面→数据面 - 控制器→工作负载恶意分发    次要边界突破：数据面→宿主机 - 容器→节点资源耗尽    架构层次影响：控制面扩展层→数据面计算层→节点资源层    技术路径：恶意Composition注入→控制器处理→数组扩展→内存耗尽→Pod OOM    关键节点：控制器对toFieldPath索引的验证缺失    权限扩展：Composition写权限→控制面扩展组件执行权→数据面资源分配权    影响范围：跨控制面扩展层和数据面计算层，影响节点内存资源稳定性    防护薄弱点：扩展组件输入验证不足，RBAC权限粒度过粗    检测难点：合法资源操作与恶意内存消耗模式难以区分  2. 信任边界影响评估    架构影响分析：    - 控制面影响：扩展层控制器逻辑缺陷，影响API层资源配置可靠性    - 数据面影响：计算层Pod内存资源失控，节点级稳定性受损    - 跨平面传播：控制面资源配置错误直接导致数据面运行时异常    - 节点拓扑影响：Worker节点内存资源耗尽，可能触发节点级故障     权限边界突破...
CVE-2023-27483,5.9,MEDIUM,"CWE-20, CWE-400, CWE-400",2025-05-29T03:14:14.428266,42.31,Analyzer_1,deepseek-r1-250120,True,2,4,134,12,crossplane/crossplane-runtime,  ``` 1. 信任边界类别分析    主要边界突破：数据面→控制面 - 容器→控制器状态操纵    次要边界突破：[控制面→数据面 - 控制器→工作负载恶意分发]    架构层次影响：数据面计算层→控制面扩展层→存储层    技术路径：构造恶意CRD字段路径→绕过索引验证→触发控制器OOM→中断资源编排    关键节点：fieldpath解析层索引验证缺失，准入控制未过滤异常索引    权限扩展：Pod创建权限→控制器进程终止权限→云资源管理中断权限    影响范围：跨控制面扩展层和数据面资源供应层，影响CRD生命周期管理    防护薄弱点：CRD准入控制缺乏字段路径语法审计，控制器依赖库更新滞后    检测难点：合法资源操作与恶意索引注入的语义差异难以识别  2. 信任边界影响评估    架构影响分析：    - 控制面影响：扩展层控制器崩溃，API层CRD处理正常，存储层etcd数据无异常    - 数据面影响：计算层云资源编排中断，网络层/存储层配置无法动态更新    - 跨平面传播：通过API层资源对象影响控制面扩展层，间接导致数据面资源异常    - 节点拓扑影响：控制器...
CVE-2022-23525,5.3,MEDIUM,"CWE-476, CWE-476",2025-05-29T03:14:26.230219,68.62,Analyzer_2,deepseek-r1-250120,True,2,8,150,0,helm/helm,  ``` 1. 信任边界类别分析    主要边界突破：外部→管理工具（新类别）    次要边界突破：无    架构层次影响：管理工具层→控制面配置接口    技术路径：构造恶意index.yaml→触发_repo包解析异常→引发不可恢复panic→客户端进程崩溃    关键节点：仓库索引文件解析阶段的空指针解引用    权限扩展：无权限提升，仅造成客户端运行时中断    影响范围：影响使用Helm SDK的自动化系统，可能中断chart部署流程    防护薄弱点：索引文件格式验证缺失，管理工具输入过滤不足    检测难点：合法仓库索引与恶意载荷难以区分，崩溃日志缺乏上下文  新类别定义： 名称：外部→管理工具 架构特征：独立于K8s双平面架构的集群管理工具链 信任假设：管理工具能安全处理外部仓库的元数据文件 突破机制：利用管理工具对外部输入的验证缺陷实施DoS攻击 典型场景：通过畸形仓库索引中断CI/CD系统的Helm部署流程 与现有类别的区别：突破点位于独立管理工具而非双平面组件 架构影响：破坏集群配置管理链的可用性完整性  2. 信任边界影响评估    架构影响分析：    - ...
CVE-2023-28114,4.8,MEDIUM,"CWE-280, CWE-755",2025-05-29T03:14:45.869357,40.78,Analyzer_0,deepseek-r1-250120,True,2,2,2,2,cilium/cilium-cli,  ``` 1. 信任边界类别分析    主要边界突破：数据面 → 控制面 - 工作负载→etcd数据访问（1.3）    次要边界突破：控制平面组件间 - 扩展组件→核心组件权限滥用（4.2）    架构层次影响：数据面计算层→控制面存储层    技术路径：Pod挂载配置错误→etcd权限配置丢失→通过泄露证书直接修改etcd状态    关键节点：cilium-agent容器挂载路径覆盖initContainer配置    权限扩展：etcd读写权限→集群网格元数据控制权→跨集群网络策略绕过    影响范围：控制面存储层（etcd）、数据面网络层（Cilium策略）    防护薄弱点：扩展组件配置验证缺失，存储层访问控制依赖初始化流程    检测难点：合法证书的异常使用难以区分，etcd操作审计粒度不足  2. 信任边界影响评估    架构影响分析：    - 控制面影响：存储层数据完整性破坏，影响集群状态一致性    - 数据面影响：网络层策略执行失效，跨集群通信规则被篡改    - 跨平面传播：数据面配置错误导致控制面关键组件暴露    - 节点拓扑影响：涉及所有参与Cluste...
CVE-2023-34242,3.4,LOW,CWE-200,2025-05-29T03:14:49.564289,35.65,Analyzer_3,deepseek-r1-250120,True,1,4,29,16,cilium/cilium,  ``` 1. 信任边界类别分析    主要边界突破：多租户间隔离 - 命名空间→跨租户资源访问    次要边界突破：数据面→控制面 - 容器→控制器状态操纵    架构层次影响：控制面扩展层→数据面网络层→控制面存储层    技术路径：创建跨NS ReferenceGrant→绕过Cilium网络策略校验→非法访问Secret/Service    关键节点：Gateway API控制器未校验from.namespace归属权限    权限扩展：攻击者NS权限→跨NS Secret访问权→集群级证书凭证泄露    影响范围：突破命名空间网络隔离，威胁控制面Secret存储安全    防护薄弱点：扩展组件权限校验不完整，CRD资源RBAC细粒度不足    检测难点：合法API资源操作掩盖跨NS访问意图  2. 信任边界影响评估    架构影响分析：    - 控制面影响：扩展层策略校验失效，存储层Secret数据泄露风险    - 数据面影响：网络层服务隔离突破，计算层Pod间非法通信    - 跨平面传播：通过控制面CRD配置错误影响数据面网络策略    - 节点拓扑影响：Work...
CVE-2023-41333,6.9,MEDIUM,CWE-306,2025-05-29T03:14:52.963445,38.53,Analyzer_1,deepseek-r1-250120,True,3,7,181,17,cilium/cilium,  ``` 1. 信任边界类别分析    主要边界突破：多租户间隔离 - 命名空间→跨租户资源访问    次要边界突破：控制面→数据面 - 控制面→网络/存储层配置污染    架构层次影响：控制面API层→控制层扩展组件→数据面网络层    技术路径：构造reserved:init标签策略→绕过命名空间验证→全局策略注入→污染网络层配置    关键节点：CiliumNetworkPolicy控制器对endpointSelector作用域验证缺失    权限扩展：Namespace级Cilium策略权限→集群级网络控制权限    影响范围：跨命名空间流量控制、集群级网络策略失效、控制面策略执行器信任链破坏    防护薄弱点：CRD控制器验证逻辑缺陷，准入控制未覆盖扩展API资源    检测难点：合法API操作与恶意策略的语义差异难以自动化识别  2. 信任边界影响评估    架构影响分析：    - 控制面影响：API层RBAC信任模型失效，控制层策略协调器状态污染    - 数据面影响：网络层策略执行异常，跨命名空间流量控制失效    - 跨平面传播：控制面策略配置错误直接破坏数据面网...
CVE-2023-39347,7.6,HIGH,CWE-345,2025-05-29T03:14:59.295231,33.06,Analyzer_2,deepseek-r1-250120,True,2,8,268,34,cilium/cilium,  ``` 1. 信任边界类别分析    主要边界突破：数据面→控制面 - 容器→控制器状态操纵    次要边界突破：多租户间隔离 - 命名空间→跨租户资源访问    架构层次影响：数据面计算层→控制面控制层→网络隔离层    技术路径：伪造Pod标签→干扰Cilium策略匹配→绕过网络策略→跨namespace通信    关键节点：Cilium控制器对Pod标签的信任依赖    权限扩展：Pod修改权限→网络策略绕过权限→跨安全域访问权限    影响范围：跨越数据面工作负载和控制面网络策略控制器    防护薄弱点：控制器对用户提供元数据的信任验证缺失    检测难点：合法标签修改与恶意策略绕过的行为特征重叠  2. 信任边界影响评估    架构影响分析：    - 控制面影响：控制层策略匹配逻辑失效，网络策略执行机制被污染    - 数据面影响：计算层Pod获得非常规网络访问权限，网络层隔离机制失效    - 跨平面传播：数据面标签修改直接影响控制面策略决策    - 节点拓扑影响：Worker节点间网络策略执行不一致     权限边界突破：    - 权限扩展路径：Pod标签修改→...
CVE-2024-25620,6.4,MEDIUM,"CWE-22, CWE-22",2025-05-29T03:15:29.058184,29.76,Analyzer_2,deepseek-r1-250120,True,2,20,224,0,helm/helm,  ``` 1. 信任边界类别分析    主要边界突破：控制面 → 数据面 - 控制器→工作负载恶意分发    次要边界突破：集群外部→集群内部 - 外部资源→控制面引用注入    架构层次影响：控制面扩展层→数据面计算层    技术路径：构造恶意Chart.yaml→绕过Helm校验→CI/CD自动部署→恶意Pod注入集群    关键节点：Helm对name字段的路径遍历校验缺失    权限扩展：Helm客户端权限→集群部署权限→数据面工作负载控制权    影响范围：从Chart管理工具渗透至Kubernetes计算层资源    防护薄弱点：Helm输入验证机制缺陷，CI/CD流水线信任链断裂    检测难点：合法Chart名称与恶意路径的语义相似性难以区分  2. 信任边界影响评估    架构影响分析：    - 控制面影响：扩展层（Helm）配置验证失效，影响API层资源配置准确性    - 数据面影响：计算层被注入恶意工作负载，网络层可能建立异常通信    - 跨平面传播：通过控制面工具缺陷直接影响数据面工作负载    - 节点拓扑影响：Worker节点可能运行恶意Pod，Ma...
CVE-2024-28175,9.0,CRITICAL,"CWE-79, CWE-79",2025-05-29T03:16:09.481516,40.42,Analyzer_2,deepseek-r1-250120,True,2,6,178,26,argoproj/argo-cd,  ``` 1. 信任边界类别分析    主要边界突破：数据面→控制面 - Pod→API Server权限提升    次要边界突破：控制面组件间 - 扩展组件→核心组件权限滥用    架构层次影响：数据面计算层→控制面扩展层→API层    技术路径：恶意Application资源注入→Argo CD UI渲染XSS→劫持用户会话→调用Kubernetes API    关键节点：Argo CD对注解值的协议过滤缺失，API请求携带有效会话凭证    权限扩展：Pod资源定义权限→集群管理员API权限→etcd数据访问权限    影响范围：跨越数据面资源层和控制面API层，影响所有ArgoCD管理集群    防护薄弱点：CRD资源注解信任过度，扩展组件输入验证机制缺失    检测难点：合法资源操作与恶意注解注入难以区分，跨平面攻击链路隐蔽  2. 信任边界影响评估    架构影响分析：    - 控制面影响：API层会话劫持，扩展层（Argo CD）逻辑缺陷，存储层数据篡改    - 数据面影响：计算层资源定义污染，网络层API请求伪造    - 跨平面传播：数据面资源层恶意配置触发...
CVE-2023-6476,6.5,MEDIUM,"CWE-770, CWE-770",2025-05-29T03:16:18.430484,85.47,Analyzer_1,deepseek-r1-250120,True,2,4,32,2,cri-o/cri-o,  ``` 1. 信任边界类别分析    主要边界突破：数据面(容器)→宿主机 - 容器→节点资源耗尽 (3.2)    次要边界突破：控制面→数据面 - API Server→Pod配置注入 (2.2)    架构层次影响：数据面计算层→控制面调度层→节点资源层    技术路径：创建含高危注解的Pod→绕过调度器资源校验→CRI-O加载非受控配置→节点资源耗尽    关键节点：CRI-O注解处理模块未实施资源策略强制    权限扩展：Pod创建权限→节点级资源控制权→集群可用性破坏    影响范围：单节点资源隔离失效，可能引发跨节点级联故障    防护薄弱点：实验性注解默认启用，准入控制缺乏注解白名单    检测难点：资源耗尽前无显式异常日志，调度器与实际分配存在状态差异  2. 信任边界影响评估    架构影响分析：    - 控制面影响：调度器资源调度逻辑失效，控制层资源协调机制被绕过    - 数据面影响：计算层资源隔离突破，节点级资源池完整性破坏    - 跨平面传播：数据面资源分配异常反向影响控制面调度决策    - 节点拓扑影响：Worker节点稳定性受损，可能触发级联故...
CVE-2023-44392,8.2,HIGH,"CWE-94, CWE-502",2025-05-29T03:16:18.723504,89.16,Analyzer_3,deepseek-r1-250120,True,2,10,18,32,garden-io/garden,  ``` 1. 信任边界类别分析    主要边界突破：控制面 → 数据面 - 控制器 → 工作负载恶意分发（扩展场景）    次要边界突破：[集群外部 → 集群内部 - 外部资源 → 控制面引用注入]    架构层次影响：控制面API层→存储层→外部用户环境计算层    技术路径：篡改ConfigMap→Garden客户端加载→cryo反序列化→本地RCE    关键节点：ConfigMap写入权限控制、客户端反序列化安全机制    权限扩展：集群ConfigMap写入权限→用户主机root级权限    影响范围：跨越控制面存储层与外部用户计算环境    防护薄弱点：客户端对控制面数据盲目信任、ConfigMap写入权限过宽    检测难点：合法ConfigMap操作与攻击载荷难以区分  2. 信任边界影响评估    架构影响分析：    - 控制面影响：API层资源篡改、存储层敏感数据污染    - 数据面影响：外部用户计算层完全沦陷    - 跨平面传播：控制面配置污染传导至外部用户环境    - 节点拓扑影响：Worker节点安全间接影响用户终端安全     权限边界突破：  ...
CVE-2023-40026,5.0,MEDIUM,CWE-22,2025-05-29T03:16:24.907741,99.04,Analyzer_0,deepseek-r1-250120,True,2,30,619,483,argoproj/argo-cd,  ``` 1. 信任边界类别分析    主要边界突破：控制平面组件间 - 4.3 控制器→存储层信息泄露    次要边界突破：数据面→控制面 - 1.1 Pod→API Server权限提升    架构层次影响：控制面扩展层→存储层（repo-server本地文件系统）    技术路径：创建恶意Application资源→触发repo-server渲染→利用可预测路径访问其他Helm Chart    关键节点：repo-server的Helm路径处理逻辑未随机化    权限扩展：Application资源创建权限→跨Helm Chart敏感数据读取权限    影响范围：同一repo-server实例处理的所有Helm Chart配置数据    防护薄弱点：扩展组件资源隔离机制缺失，路径随机化未实施    检测难点：合法Helm引用与恶意路径遍历行为难以区分  2. 信任边界影响评估    架构影响分析：    - 控制面影响：扩展层（Argo CD）资源处理逻辑缺陷，存储层（repo-server本地文件）数据泄露    - 数据面影响：间接影响需通过控制面Application资...
CVE-2024-32476,6.5,MEDIUM,CWE-400,2025-05-29T03:16:55.431871,37.0,Analyzer_1,deepseek-r1-250120,True,6,136,1062,378,argoproj/argo-cd,  ``` 1. 信任边界类别分析    主要边界突破：数据面→控制面 - 容器→控制器状态操纵 (1.2)    次要边界突破：控制面组件间 - 扩展组件→核心组件权限滥用 (4.2)    架构层次影响：数据面计算层→控制面扩展层→控制面控制层    技术路径：构造恶意Application CRD→控制器jq表达式解析→内存资源耗尽→控制器Pod OOM    关键节点：Argo CD控制器对jq表达式的资源限制缺失    权限扩展：Application资源写权限→控制面组件中断能力→集群运维功能破坏    影响范围：跨越CRD数据面到控制面控制器，影响GitOps持续交付体系    防护薄弱点：第三方控制器资源处理缺乏沙箱机制，CRD操作权限粒度过粗    检测难点：jq表达式复杂性评估困难，内存消耗模式与正常操作相似  2. 信任边界影响评估    架构影响分析：    - 控制面影响：控制层Argo控制器崩溃，扩展层第三方组件可靠性受损    - 数据面影响：计算层Application CRD成为攻击载体，网络层无直接影响    - 跨平面传播：通过数据面CRD操作实现...
CVE-2024-31990,4.8,MEDIUM,"CWE-863, CWE-863",2025-05-29T03:16:55.835682,46.35,Analyzer_2,deepseek-r1-250120,True,6,28,1620,602,argoproj/argo-cd,  ``` 1. 信任边界类别分析    主要边界突破：多租户间隔离 - 命名空间→跨租户资源访问    次要边界突破：控制平面组件间 - 扩展组件→核心组件权限滥用    架构层次影响：控制面API层→存储层→数据面计算层    技术路径：UI发起修改请求→绕过AppProject校验→直接修改K8s资源→破坏GitOps同步    关键节点：Argo CD API层sourceNamespaces字段校验缺失    权限扩展：项目级编辑权限→跨命名空间资源修改权→GitOps流程控制权    影响范围：跨越AppProject隔离边界，影响多租户资源和集群配置权威性    防护薄弱点：Argo CD自定义资源校验不完善，UI与控制面API权限耦合    检测难点：合法UI操作与恶意越权行为难以区分，Git历史与实时状态比对延迟  2. 信任边界影响评估    架构影响分析：    - 控制面影响：API层自定义资源校验失效，存储层资源配置权威性破坏    - 数据面影响：计算层工作负载配置被非法修改，可能触发异常滚动更新    - 跨平面传播：控制面配置错误直接导致数据面应用状态异...
CVE-2024-42363,8.8,HIGH,CWE-502,2025-05-29T03:17:03.040358,44.31,Analyzer_3,deepseek-r1-250120,True,4,5,33,15,zendesk/samson,  ``` 1. 信任边界类别分析    主要边界突破：集群外部→集群内部 - 外部→API层访问路径创建    次要边界突破：数据面→控制面 - 容器→控制器状态操纵    架构层次影响：外部攻击面→数据面应用层→控制面API层    技术路径：恶意role参数注入→samson服务端RCE→滥用部署权限→控制面API操作    关键节点：YAML.load_stream反序列化点、samson的K8s凭据存储位置    权限扩展：低权限用户→samson进程权限→集群部署权限→控制面管理权限    影响范围：跨越外部系统、数据面应用层、控制面API层三层架构    防护薄弱点：第三方工具链的输入验证、部署凭据的权限隔离    检测难点：合法部署操作与恶意YAML载荷的混淆、跨架构层攻击溯源  2. 信任边界影响评估    架构影响分析：    - 控制面影响：API层面临非法部署请求，控制层可能接收恶意编排指令    - 数据面影响：计算层部署工具被控，网络层可能建立恶意出站连接    - 跨平面传播：从数据面部署工具突破到控制面API操作权限    - 节点拓扑影响：Worker...
CVE-2024-39690,8.4,HIGH,"CWE-863, CWE-863",2025-05-29T03:17:09.012829,44.1,Analyzer_0,deepseek-r1-250120,True,2,6,304,10,projectcapsule/capsule,  ``` 1. 信任边界类别分析    主要边界突破：多租户间隔离 - 命名空间→跨租户资源访问    次要边界突破：控制面→数据面 - 控制器→工作负载恶意分发    架构层次影响：控制面扩展层→数据面计算层→控制面存储层    技术路径：租户SA调用API→绕过Capsule控制器校验→注入ownerReference→劫持Namespace→分发恶意工作负载    关键节点：Capsule扩展组件的ownerReferences字段校验缺失    权限扩展：租户级Namespace管理权→跨租户资源控制权→集群级配置访问权    影响范围：跨越控制面扩展组件与数据面计算资源，破坏多租户逻辑隔离    防护薄弱点：扩展组件与核心API权限边界模糊，准入控制未覆盖第三方资源控制器    检测难点：合法租户的API操作模式，跨架构层次的攻击链关联分析  2. 信任边界影响评估    架构影响分析：    - 控制面影响：扩展层组件策略执行失效，API层资源归属状态污染    - 数据面影响：计算层租户工作负载被恶意控制器接管，网络层跨租户通信    - 跨平面传播：控制面扩展组件漏洞...
CVE-2024-43803,4.9,MEDIUM,"CWE-200, CWE-653",2025-05-29T03:17:32.879652,37.44,Analyzer_1,deepseek-r1-250120,True,9,27,534,27,metal3-io/baremetal-operator,  ``` 1. 信任边界类别分析    主要边界突破：多租户间隔离 - 命名空间→跨租户资源访问    次要边界突破：控制平面组件间 - 扩展组件→核心组件权限滥用    架构层次影响：控制面扩展层→数据面计算层→存储层    技术路径：创建跨命名空间BMH资源→BMO控制器读取外部Secret→敏感数据泄露    关键节点：BMO控制器未验证Secret命名空间归属    权限扩展：租户BMH操作权限→跨命名空间Secret读取权限→潜在横向移动能力    影响范围：破坏命名空间隔离，泄露控制面Secret存储数据    防护薄弱点：扩展组件RBAC权限过大，缺乏命名空间级访问控制    检测难点：合法BMH操作与恶意Secret引用的行为特征高度重叠  2. 信任边界影响评估    架构影响分析：    - 控制面影响：扩展层组件突破命名空间隔离，存储层Secret数据泄露    - 数据面影响：计算层BMH资源配置成为攻击载体，网络层数据传输可能被截获    - 跨平面传播：通过数据面BMH资源配置触发控制面组件越权操作    - 节点拓扑影响：Worker节点BMH配置可影响...
CVE-2024-48921,2.7,LOW,"CWE-285, CWE-863",2025-05-29T03:17:37.590016,41.75,Analyzer_2,deepseek-r1-250120,True,4,49,712,20,kyverno/kyverno,  ``` 1. 信任边界类别分析    主要边界突破：多租户间隔离 - 命名空间→跨租户资源访问    次要边界突破：控制面→数据面 - 控制器→工作负载恶意分发    架构层次影响：控制面扩展层→数据面计算层    技术路径：攻击者命名空间创建PolicyException→Kyverno控制器加载例外→绕过Pod安全策略→部署特权容器    关键节点：PolicyException CRD的跨命名空间生效逻辑    权限扩展：命名空间写权限→集群级策略绕过→节点级特权容器执行    影响范围：跨越控制面策略执行层和数据面容器运行时层    防护薄弱点：CRD权限未与核心资源对齐，准入控制缺乏例外作用域验证    检测难点：合法CRD操作与恶意策略绕过的行为特征重叠  2. 信任边界影响评估    架构影响分析：    - 控制面影响：扩展层策略引擎逻辑被污染，API层CRD验证缺陷    - 数据面影响：计算层容器隔离机制失效，网络层可能连带受影响    - 跨平面传播：控制面策略异常导致数据面安全基线失效    - 节点拓扑影响：Worker节点可能通过特权容器被渗透     ...
CVE-2025-29781,6.5,MEDIUM,"CWE-200, CWE-653",2025-05-29T03:18:13.513671,40.63,Analyzer_1,deepseek-r1-250120,True,4,16,456,0,metal3-io/baremetal-operator,  ``` 1. 信任边界类别分析    主要边界突破：多租户间隔离 - 命名空间→跨租户资源访问    次要边界突破：数据面→控制面 - 容器→控制器状态操纵    架构层次影响：数据面计算层→控制面扩展层→存储层    技术路径：创建跨NS的BMCEventSubscription→绕过BMO命名空间校验→控制器读取跨NS Secret    关键节点：BMO控制器对httpHeadersRef.namespace字段的准入校验缺失    权限扩展：租户NS级操作权限→跨NS Secret读取权限→集群级敏感凭证泄露    影响范围：突破命名空间逻辑隔离，影响控制面扩展组件的数据处理逻辑    防护薄弱点：CRD控制器未实施资源归属校验，集群作用域RBAC过度授权    检测难点：合法CR操作与恶意Secret引用的行为特征高度相似  2. 信任边界影响评估    架构影响分析：    - 控制面影响：扩展层组件(BMO)违反命名空间隔离原则，API层Secret访问策略失效    - 数据面影响：计算层Secret存储隔离被突破，网络层凭证可能被用于横向移动    - 跨平面传播...
CVE-2025-25294,5.3,MEDIUM,CWE-117,2025-05-29T03:18:22.397865,79.35,Analyzer_3,deepseek-r1-250120,True,2,728,3600,1206,envoyproxy/gateway,  ``` 1. 信任边界类别分析    主要边界突破：集群外部 → 集群内部 - 外部网络→数据面直接访问    次要边界突破：无    架构层次影响：数据面网络层→计算层日志处理→外部日志存储系统    技术路径：构造恶意User-Agent→通过HTTP请求注入Envoy访问日志→污染下游SIEM系统    关键节点：Envoy Gateway访问日志格式化层缺乏输入验证    权限扩展：无直接权限提升，但获得日志数据篡改能力    影响范围：数据面入口网关的日志可信度，可能影响控制面日志分析系统    防护薄弱点：默认配置信任未过滤的用户输入，组件间数据验证缺失    检测难点：日志注入攻击与正常业务请求特征高度相似，跨组件攻击链条监控困难  2. 信任边界影响评估    架构影响分析：    - 控制面影响：间接影响控制面日志分析系统的数据完整性    - 数据面影响：直接破坏计算层日志组件的可信度，污染网络层传输的日志数据    - 跨平面传播：通过日志管道将污染数据传递至控制面关联系统    - 节点拓扑影响：影响所有暴露HTTP服务的Worker节点日志采集     权...
CVE-2025-32387,6.5,MEDIUM,"CWE-121, CWE-674",2025-05-29T03:18:30.340738,52.74,Analyzer_2,deepseek-r1-250120,True,2,4,70,2,helm/helm,  ``` 1. 信任边界类别分析    主要边界突破：外部→内部 - 外部资源→控制面引用注入    次要边界突破：无    架构层次影响：外部工具链→控制面配置层    技术路径：构造恶意Chart→触发Helm客户端解析递归→中断部署流程    关键节点：JSON Schema解析时的递归深度控制缺失    权限扩展：无直接权限提升，仅影响部署可用性    影响范围：Helm客户端进程崩溃，阻断CI/CD流水线    防护薄弱点：Chart审核机制不完善，客户端输入验证不足    检测难点：合法Schema构造与恶意递归难以静态区分  2. 信任边界影响评估    架构影响分析：    - 控制面影响：间接影响控制面配置更新能力    - 数据面影响：无直接数据面组件影响    - 跨平面传播：通过部署中断影响控制面配置更新    - 节点拓扑影响：仅影响运行Helm客户端的节点     权限边界突破：    - 权限扩展路径：无横向权限扩展    - 横向移动范围：局限于部署工具执行环境    - 敏感数据访问：不涉及集群数据访问     防护机制评估：    - 架构层次覆盖...
CVE-2024-56514,0.0,,CWE-22,2025-05-29T03:18:37.864854,88.85,Analyzer_0,deepseek-r1-250120,True,6,18,759,21,karmada-io/karmada,"  ``` 1. 信任边界类别分析    主要边界突破：集群外部→集群内部 - 外部资源→控制面引用注入 (5.2)    次要边界突破：[数据面→控制面 - Pod→API Server权限提升 (1.1), 控制面→数据面 - 控制器→工作负载恶意分发 (2.1)]    架构层次影响：外部资源层→控制面扩展层→控制面存储层→数据面计算层    技术路径：构造含路径遍历的CRD压缩包→Karmadactl/Karmada-operator解压→写入控制平面节点敏感路径→篡改静态Pod配置接管集群    关键节点：CRD文件解压时的路径安全验证缺失（未使用securejoin）    权限扩展：外部攻击者→控制平面文件系统写权限→集群管理员权限    影响范围：跨越外部网络、控制平面组件、K8s核心资源，实现全集群接管    防护薄弱点：扩展组件对外部资源的安全处理机制不健全    检测难点：合法CRD操作与恶意路径遍历行为难以区分  2. 信任边界影响评估    架构影响分析：    - 控制面影响：API层配置被篡改（静态Pod），控制层协调逻辑被破坏，存储层etcd面临数据篡改..."
CVE-2019-3841,7.4,HIGH,"CWE-295, CWE-295",2025-05-29T03:19:02.252234,39.85,Analyzer_3,deepseek-r1-250120,True,2,46,546,175,kubevirt/containerized-data-importer,  ``` 1. 信任边界类别分析    主要边界突破：集群外部→集群内部 - 外部资源→控制面引用注入    次要边界突破：控制面→数据面 - 控制器→工作负载恶意分发    架构层次影响：外部系统→控制面扩展层→数据面计算层    技术路径：中间人篡改容器镜像→CDI组件导入恶意PVC→KubeVirt创建受感染虚拟机    关键节点：CDI组件TLS验证缺失的镜像拉取过程    权限扩展：外部攻击者→控制面扩展组件权限→数据面计算资源控制权    影响范围：跨越集群网络边界，影响控制面配置完整性和数据面运行时安全    防护薄弱点：第三方扩展组件默认安全配置不足，跨边界传输层保护缺失    检测难点：镜像篡改行为与合法操作模式难以区分，跨架构层攻击链路隐蔽  2. 信任边界影响评估    架构影响分析：    - 控制面影响：扩展层配置完整性破坏，可能污染存储层PVC数据    - 数据面影响：计算层运行恶意虚拟机，网络层通信可能被劫持    - 跨平面传播：外部攻击通过控制面组件渗透至数据面工作负载    - 节点拓扑影响：Worker节点虚拟机逃逸风险，可能威胁Master节...
CVE-2025-32445,9.9,CRITICAL,CWE-250,2025-05-29T03:19:02.317945,48.8,Analyzer_1,deepseek-r1-250120,True,2,38,3690,2040,argoproj/argo-events,  ``` 1. 信任边界类别分析    主要边界突破：数据面(容器)→宿主机 - Pod→Worker节点逃逸 (3.1)    次要边界突破：控制面→数据面 - 控制器→工作负载恶意分发 (2.1)    架构层次影响：控制面扩展层→数据面计算层→宿主机隔离层    技术路径：创建恶意CR→Argo控制器生成特权Pod→挂载hostPath→宿主机逃逸    关键节点：CRD字段注入绕过、控制器Pod生成逻辑、容器运行时安全策略    权限扩展：CRD写权限→节点root权限→集群管理权限    影响范围：跨控制面扩展组件和数据面计算环境，节点级到集群级影响    防护薄弱点：CRD字段校验缺失、控制器权限过度、PSP未强制执行    检测难点：合法CR操作与恶意字段注入的区分，跨平面攻击链路关联  2. 信任边界影响评估    架构影响分析：    - 控制面影响：API层CRD处理逻辑缺陷，扩展层控制器权限滥用    - 数据面影响：计算层容器隔离突破，存储层hostPath挂载滥用    - 跨平面传播：控制面CRD配置污染导致数据面安全边界突破    - 节点拓扑影响：Wo...
CVE-2020-14316,9.9,CRITICAL,N/A,2025-05-29T03:19:08.521630,38.18,Analyzer_2,deepseek-r1-250120,True,1,7,117,2,kubevirt/kubevirt,  ``` 1. 信任边界类别分析    主要边界突破：数据面(容器)→宿主机 - Pod→Worker节点逃逸（3.1）    次要边界突破：数据面→控制面 - 工作负载→etcd数据访问（1.3）    架构层次影响：数据面计算层→宿主机OS层→控制面存储层    技术路径：创建hostDisk挂载的VMI→突破虚拟机隔离→访问宿主机文件系统→窃取控制面凭证    关键节点：KubeVirt CRD控制器对hostDisk路径的验证缺失    权限扩展：VMI进程权限→宿主机root权限→集群管理员权限    影响范围：单节点宿主机→跨控制平面组件→全集群数据泄露    防护薄弱点：扩展组件CRD权限隔离不足，PSP未覆盖虚拟机运行时    检测难点：合法hostDisk使用与攻击行为难以区分  2. 信任边界影响评估    架构影响分析：    - 控制面影响：存储层etcd凭证可能通过宿主机文件泄露    - 数据面影响：计算层虚拟机隔离机制完全失效    - 跨平面传播：通过窃取的kubelet证书实现控制面API访问    - 节点拓扑影响：Worker节点沦陷可能导致Ma...
CVE-2022-1708,7.5,HIGH,"CWE-400, CWE-770",2025-05-29T03:19:15.322377,37.45,Analyzer_0,deepseek-r1-250120,True,2,24,568,18,cri-o/cri-o,  ``` 1. 信任边界类别分析    主要边界突破：数据面(容器)→宿主机 - 3.2 容器→节点资源耗尽    次要边界突破：数据面→控制面 - 1.3 工作负载→etcd数据访问（间接影响）    架构层次影响：数据面计算层→宿主机资源层→控制面可用性层    技术路径：kubectl exec执行高输出命令→CRI-O全量读取日志文件→节点内存/磁盘耗尽→kubelet异常    关键节点：CRI-O输出处理逻辑未设置读取上限    权限扩展：Pod Exec权限→节点级资源控制权→集群服务中断能力    影响范围：单个Worker节点→关联Pod驱逐→潜在控制平面组件连锁故障    防护薄弱点：容器运行时资源读取无硬性限制，RBAC权限粒度粗放    检测难点：合法运维操作与攻击行为特征重叠，资源耗尽速率难以实时判定  2. 信任边界影响评估    架构影响分析：    - 控制面影响：节点不可用可能触发控制面调度压力，etcd存储心跳中断    - 数据面影响：计算层资源隔离失效，存储层临时文件系统溢出    - 跨平面传播：数据面资源耗尽可能引发控制面组件(如kubel...
CVE-2024-1725,6.5,MEDIUM,CWE-501,2025-05-29T03:19:41.768599,39.45,Analyzer_1,deepseek-r1-250120,True,1,8,296,33,kubevirt/csi-driver,  ``` 1. 信任边界类别分析    主要边界突破：数据面(容器)→宿主机 - Pod→Worker节点逃逸 (3.1)    次要边界突破：数据面→控制面 - Pod→API Server权限提升 (1.1)    架构层次影响：控制面API层→数据面计算层→宿主机存储层    技术路径：API层创建恶意PV→CSI驱动映射节点卷→绕过存储隔离挂载根文件系统    关键节点：CSI驱动未校验PV名称与节点名称的关联逻辑    权限扩展：PV创建权限→宿主机root文件系统读写权限→潜在集群管理权限    影响范围：单个Worker节点→控制平面组件→跨节点敏感数据    防护薄弱点：CSI驱动信任PV元数据，缺乏节点名称白名单机制    检测难点：合法CSI操作模式，挂载路径参数未纳入审计日志  2. 信任边界影响评估    架构影响分析：    - 控制面影响：API层RBAC权限滥用，控制层CSI控制器逻辑缺陷    - 数据面影响：计算层存储隔离失效，存储层直接暴露宿主机路径    - 跨平面传播：API层恶意配置影响数据面存储挂载策略    - 节点拓扑影响：Worker...
CVE-2023-1260,8.0,HIGH,CWE-288,2025-05-29T03:19:44.809519,42.55,Analyzer_3,deepseek-r1-250120,True,1,1,3,9,openshift/apiserver-library-go,  ``` 1. 信任边界类别分析    主要边界突破：数据面→控制面 - Pod→API Server权限提升 (1.1)    次要边界突破：数据面(容器)→宿主机 - Pod→Worker节点逃逸 (3.1)    架构层次影响：数据面计算层→控制面API层→存储层    技术路径：RBAC授权ephemeralcontainers→绕过SCC校验→注入特权容器→突破Pod隔离    关键节点：API层对ephemeralcontainers子资源的双重校验缺失    权限扩展：Pod修改权限→节点特权容器执行权→集群级横向移动能力    影响范围：跨数据面计算层隔离、控制面准入策略、存储层敏感配置    防护薄弱点：SCC与RBAC的权限校验时序差，临时容器生命周期监控缺失    检测难点：合法RBAC授权的API操作与恶意注入行为难以区分  2. 信任边界影响评估    架构影响分析：    - 控制面影响：API层鉴权逻辑绕过，控制层SCC策略失效    - 数据面影响：计算层容器隔离突破，网络层跨Pod通信建立    - 跨平面传播：通过数据面特权容器反向攻击控制面组件 ...
CVE-2022-1798,8.7,HIGH,"CWE-20, CWE-22",2025-05-29T03:19:54.449143,45.91,Analyzer_2,deepseek-r1-250120,True,20,78,2591,831,kubevirt/kubevirt,  ``` 1. 信任边界类别分析    主要边界突破：数据面(容器)→宿主机 - Pod→Worker节点逃逸    次要边界突破：数据面→控制面 - 工作负载→etcd数据访问    架构层次影响：数据面计算层→宿主机隔离层→控制面存储层    技术路径：恶意VirtualMachineInstance资源注入→路径遍历挂载→宿主机文件读取→集群凭证泄露    关键节点：KubeVirt控制器处理hostDisk路径时的规范化缺失    权限扩展：KubeVirt用户权限→宿主机文件系统访问→集群控制平面权限    影响范围：跨数据面宿主机隔离层，间接威胁控制面敏感数据    防护薄弱点：CRD资源输入验证不足，宿主机文件权限配置宽泛    检测难点：合法CRD操作掩护路径遍历，文件访问行为与正常VM操作相似  2. 信任边界影响评估    架构影响分析：    - 控制面影响：etcd存储的集群证书可能通过宿主机文件泄露被获取    - 数据面影响：计算层容器隔离突破，存储层敏感文件暴露    - 跨平面传播：宿主机文件泄露可作为跳板攻击API Server    - 节点拓扑影...
CVE-2024-0793,7.7,HIGH,CWE-20,2025-05-29T03:19:55.108643,39.78,Analyzer_0,deepseek-r1-250120,True,1,2,61,4,openshift/kubernetes,  ``` 1. 信任边界类别分析    主要边界突破：数据面→控制面 - 容器→控制器状态操纵    次要边界突破：控制平面组件间 - API Server ↔ Controller SSRF    架构层次影响：数据面API层→控制面控制层→存储层    技术路径：提交缺失scaleUp的HPA配置→触发KCM解析异常→控制器循环崩溃→集群控制平面失稳    关键节点：HPA配置的字段完整性校验缺失点（控制面输入验证层）    权限扩展：HPA资源操作权限→控制平面组件控制权→集群管理功能中断    影响范围：控制面控制层核心组件、HPA自动化调度功能、依赖控制器的数据面工作负载    防护薄弱点：HPA配置准入校验不充分，控制器异常处理机制缺失    检测难点：合法配置错误与恶意攻击难以区分，控制器重启日志易被误判  2. 信任边界影响评估    架构影响分析：    - 控制面影响：控制层核心组件持续崩溃，API层HPA功能失效，存储层HPA对象状态异常    - 数据面影响：HPA自动化扩缩容中断，导致计算层资源分配失衡    - 跨平面传播：数据面配置异常触发控制面崩溃，间...
CVE-2022-0532,4.2,MEDIUM,"CWE-732, CWE-732",2025-05-29T03:20:20.634014,35.82,Analyzer_3,deepseek-r1-250120,True,2,2,39,1,cri-o/cri-o,  ``` 1. 信任边界类别分析    主要边界突破：数据面(容器)→宿主机 - Pod→Worker节点逃逸    次要边界突破：控制面→数据面 - API Server→Pod配置注入    架构层次影响：数据面计算层→宿主机内核层→控制面存储层    技术路径：构造hostIPC/hostNetwork Pod→绕过CRI-O验证→注入宿主级sysctls    关键节点：CRI-O对hostNamespace与sysctls的联合验证缺失    权限扩展：Pod创建权限→宿主机内核参数修改权限→潜在控制面组件影响    影响范围：突破容器隔离层，直接影响Worker节点内核稳定性    防护薄弱点：CRI-O输入验证不完整，PodSecurityPolicy未强制隔离策略    检测难点：合法sysctls白名单操作与恶意参数注入的区分困难  2. 信任边界影响评估    架构影响分析：    - 控制面影响：间接影响etcd存储的Pod配置数据完整性    - 数据面影响：计算层容器隔离突破，宿主机内核层配置篡改    - 跨平面传播：可能通过受损Worker节点反向攻击控...
CVE-2024-52799,8.2,HIGH,"CWE-250, CWE-1220",2025-05-29T03:20:22.691106,40.92,Analyzer_1,deepseek-r1-250120,True,2,4,6,48,argoproj/argo-helm,  ``` 1. 信任边界类别分析    主要边界突破：数据面→控制面 - Pod→API Server权限提升    次要边界突破：数据面(容器)→宿主机 - Pod→Worker节点逃逸    架构层次影响：数据面计算层→控制面API层→存储层    技术路径：恶意工作流模板→滥用pods/exec权限→横向控制命名空间内Pod→访问节点/集群级资源    关键节点：workflow-role的RBAC权限过度分配，缺乏exec操作审计    权限扩展：工作流用户→命名空间管理员→节点控制权→集群敏感数据访问    影响范围：跨越数据面Pod隔离边界，威胁控制面RBAC策略完整性    防护薄弱点：Helm Chart默认RBAC配置缺乏最小权限原则    检测难点：exec操作与合法运维行为难以区分，跨Pod攻击路径隐蔽  2. 信任边界影响评估    架构影响分析：    - 控制面影响：API层鉴权策略失效，控制层工作流控制器被滥用    - 数据面影响：计算层Pod隔离突破，网络层服务发现机制被利用    - 跨平面传播：通过API Server将数据面攻击转化为控制面权限...
CVE-2022-40607,6.8,MEDIUM,"CWE-22, CWE-22",2025-05-29T03:20:38.507437,44.05,Analyzer_2,deepseek-r1-250120,True,15,47,23125,668,IBM/ibm-spectrum-scale-csi,  ``` 1. 信任边界类别分析    主要边界突破：数据面(容器)→宿主机 - Pod→Worker节点逃逸（3.1）    次要边界突破：控制面→数据面 - API Server→Pod配置注入（2.2）    架构层次影响：数据面计算层→存储层→控制面API层    技术路径：创建恶意PVC/Pod→存储驱动路径遍历→挂载宿主机敏感目录→读取节点凭证    关键节点：CSI存储驱动未对subPath进行规范化处理    权限扩展：PVC/Pod创建权限→宿主机文件系统读取权限→潜在节点控制权限    影响范围：跨数据面存储层和计算层，可能间接影响控制面凭证存储    防护薄弱点：存储插件路径校验机制缺失，RBAC权限粒度不足    检测难点：合法存储挂载与恶意路径遍历行为特征相似  2. 信任边界影响评估    架构影响分析：    - 控制面影响：API层RBAC配置可能被绕过，存储层etcd数据未直接泄露    - 数据面影响：计算层容器隔离失效，存储层路径隔离机制被突破    - 跨平面传播：通过宿主机凭证可能建立到控制面的横向移动通道    - 节点拓扑影响：Worke...
CVE-2023-0229,6.3,MEDIUM,CWE-20,2025-05-29T03:20:47.256512,52.15,Analyzer_0,deepseek-r1-250120,True,1,2,17,2,openshift/apiserver-library-go,  ``` 1. 信任边界类别分析    主要边界突破：控制面→数据面 - API Server→Pod配置注入    次要边界突破：数据面→宿主机 - Pod→Worker节点逃逸    架构层次影响：控制面控制层→数据面计算层→宿主机隔离层    技术路径：用户提交非常规seccomp配置→SCC校验逻辑缺失→Pod获得Unconfined权限→利用syscall进行容器逃逸    关键节点：apiserver-library-go的SCC校验未强制覆盖seccompProfile.type字段    权限扩展：Pod创建权限→宿主机内核级访问权限→潜在集群管理权限    影响范围：控制面策略层失效，数据面运行时隔离突破，跨节点横向移动可能    防护薄弱点：SCC策略执行层输入验证缺失，运行时seccomp状态监控不足    检测难点：合法字段滥用难以识别，容器逃逸行为与正常syscall调用混合  2. 信任边界影响评估    架构影响分析：    - 控制面影响：控制层策略引擎失效，API层请求验证不完整    - 数据面影响：计算层容器隔离机制被破坏，网络层防御体系暴露风险...
CVE-2024-3154,7.2,HIGH,CWE-77,2025-05-29T03:21:00.934165,38.24,Analyzer_1,deepseek-r1-250120,True,5,10,99,3,"cri-o/cri-o, opencontainers/runc",  ``` 1. 信任边界类别分析    主要边界突破：数据面(容器)→宿主机 - Pod→Worker节点逃逸    次要边界突破：[控制面→数据面 - API Server→Pod配置注入]    架构层次影响：数据面计算层→宿主机系统层    技术路径：创建恶意Pod→注入systemd属性→cri-o解析触发→宿主机systemd单元执行    关键节点：cri-o注解解析时的systemd属性白名单缺失    权限扩展：Pod创建权限→宿主机root权限→集群级控制权限    影响范围：单个Worker节点沦陷→潜在集群级横向移动    防护薄弱点：cri-o注解过滤机制不完善，RBAC未限制高危注解    检测难点：合法Pod创建行为与恶意注解注入难以区分  2. 信任边界影响评估    架构影响分析：    - 控制面影响：API层Pod创建请求合法化，控制层无法识别恶意注解    - 数据面影响：计算层容器隔离机制失效，宿主机系统层完全暴露    - 跨平面传播：宿主机沦陷后可能逆向攻击控制平面组件    - 节点拓扑影响：Worker节点成为攻击跳板，威胁Master...
CVE-2024-1753,8.6,HIGH,CWE-59,2025-05-29T03:21:01.332071,40.7,Analyzer_3,deepseek-r1-250120,True,1,2,29,1,containers/buildah,  ``` 1. 信任边界类别分析    主要边界突破：数据面(容器)→宿主机 - Pod→Worker节点逃逸    次要边界突破：数据面→控制面 - 工作负载→etcd数据访问（间接）    架构层次影响：数据面计算层→宿主机隔离层→控制面存储层（潜在）    技术路径：恶意Containerfile→符号链接欺骗挂载→宿主机根挂载→容器逃逸    关键节点：Buildah挂载源的符号链接验证缺失，RUN指令执行环境隔离失效    权限扩展：构建容器用户权限→宿主机root权限→集群管理权限（通过窃取凭据）    影响范围：宿主机文件系统完整性，可能波及运行中的集群组件    防护薄弱点：容器构建环境隔离不足，镜像构建过程安全控制缺失    检测难点：合法构建操作与恶意挂载行为难以区分，跨构建时/运行时攻击检测割裂  2. 信任边界影响评估    架构影响分析：    - 控制面影响：存储层敏感数据可能通过宿主机访问泄露    - 数据面影响：计算层容器隔离突破，存储层宿主机文件暴露    - 跨平面传播：通过宿主机凭据窃取可横向移动至控制平面    - 节点拓扑影响：Worker...
CVE-2024-5651,8.8,HIGH,CWE-94,2025-05-29T03:21:13.318139,34.81,Analyzer_2,deepseek-r1-250120,True,1,14,400,2,medik8s/fence-agents-remediation,  ``` 1. 信任边界类别分析    主要边界突破：数据面→控制面 - Pod→API Server权限提升    次要边界突破：控制面→数据面 - 控制器→工作负载恶意分发    架构层次影响：数据面计算层→控制面扩展层→控制面存储层    技术路径：创建恶意CRD→触发Operator执行注入命令→利用高权限SA→访问集群核心资源    关键节点：FenceAgentsRemediation参数未校验、Operator Pod绑定的cluster-admin SA    权限扩展：Developer权限→Operator SA权限→集群管理员权限    影响范围：跨越API层、控制层扩展组件、etcd存储层敏感数据    防护薄弱点：CRD参数输入验证缺失、扩展组件SA权限过度分配    检测难点：合法CRD操作与恶意注入的模糊性、跨平面攻击链隐蔽性  2. 信任边界影响评估    架构影响分析：    - 控制面影响：API层CRD处理机制绕过，扩展层控制器权限滥用，存储层凭据泄露    - 数据面影响：Operator Pod计算环境被控制，可能作为跳板攻击其他工作负载  ...
CVE-2025-0750,6.6,MEDIUM,CWE-22,2025-05-29T03:21:29.892807,42.63,Analyzer_0,deepseek-r1-250120,True,2,2,112,8,cri-o/cri-o,  ``` 1. 信任边界类别分析    主要边界突破：数据面(容器)→宿主机 - Pod→Worker节点逃逸    次要边界突破：控制面→数据面 - API Server→Pod配置注入    架构层次影响：数据面计算层→节点隔离层→控制面可用性    技术路径：构造恶意日志路径→触发CRI-O路径遍历→卸载宿主机关键目录    关键节点：CRI-O日志处理函数的路径规范化缺失    权限扩展：Pod创建权限→宿主机文件系统控制权→节点级DoS权限    影响范围：单节点文件系统完整性→集群级服务稳定性    防护薄弱点：CRI-O输入验证缺失，Pod安全策略未覆盖日志路径校验    检测难点：合法Pod删除操作与恶意路径卸载行为难以区分  2. 信任边界影响评估    架构影响分析：    - 控制面影响：间接影响API层调度能力，控制层无法恢复故障节点    - 数据面影响：计算层容器逃逸，节点存储层目录卸载导致服务中断    - 跨平面传播：节点级故障可能通过kubelet影响控制面健康状态    - 节点拓扑影响：Worker节点关键系统目录卸载导致不可恢复故障     权...
CVE-2021-25745,7.6,HIGH,"CWE-20, CWE-20",2025-05-29T03:21:57.671332,56.34,Analyzer_3,deepseek-r1-250120,True,2,4,14,4,kubernetes/ingress-nginx,  ``` 1. 信任边界类别分析    主要边界突破：控制平面组件间 - 扩展组件→核心组件权限滥用 (4.2)    次要边界突破：数据面→控制面 - Pod→API Server权限提升 (1.1)    架构层次影响：数据面计算层→控制面扩展层→API层→存储层    技术路径：构造恶意Ingress路径→控制器日志记录凭证→提取Token→访问API Server→读取集群Secrets    关键节点：ingress-nginx控制器对path字段的正则表达式处理存在日志注入缺陷    权限扩展：Ingress写权限→控制器SA权限（cluster-admin）→全集群Secret读取权限    影响范围：跨越数据面工作负载到控制面核心凭证，影响整个集群数据保密性    防护薄弱点：扩展组件SA权限过度分配，路径字段输入验证缺失    检测难点：合法Ingress创建操作与攻击行为难以区分，日志凭据泄露难以实时捕捉  2. 信任边界影响评估    架构影响分析：    - 控制面影响：API层鉴权机制被绕过（使用高权限SA Token），存储层所有Secret可被读取   ...
CVE-2021-25746,7.6,HIGH,"CWE-20, CWE-20",2025-05-29T03:21:59.118362,45.8,Analyzer_2,deepseek-r1-250120,True,1,15,468,1,kubernetes/ingress-nginx,  ``` 1. 信任边界类别分析    主要边界突破：数据面→控制面 - 容器→控制器状态操纵    次要边界突破：控制平面组件间 - 扩展组件→核心组件权限滥用    架构层次影响：数据面计算层→控制面控制层→存储层    技术路径：恶意Ingress注解注入→控制器配置加载→控制器凭据泄露→集群Secrets全量访问    关键节点：ingress-nginx控制器对annotations字段的输入验证缺失    权限扩展：Ingress操作权限→控制器服务账号权限→集群级Secrets读取权限    影响范围：跨越数据面网络配置层、控制面扩展组件层及存储层敏感数据    防护薄弱点：扩展组件默认权限过高，注解字段动态配置缺乏准入控制    检测难点：合法K8s资源操作与恶意注解注入难以区分  2. 信任边界影响评估    架构影响分析：    - 控制面影响：控制层扩展组件被操纵，存储层Secrets全量暴露    - 数据面影响：计算层Ingress配置成为攻击入口，网络层响应头泄露凭据    - 跨平面传播：通过数据面资源配置触发控制面组件凭据泄露    - 节点拓扑影响：...
CVE-2021-25742,7.6,HIGH,CWE-20,2025-05-29T03:22:06.347354,65.41,Analyzer_1,deepseek-r1-250120,True,2,24,914,46,kubernetes/ingress-nginx,  ``` 1. 信任边界类别分析    主要边界突破：控制平面组件间 - 扩展组件→核心组件权限滥用 (4.2)    次要边界突破：数据面→控制面 - 工作负载→etcd数据访问 (1.3)    架构层次影响：控制面扩展层→API层→存储层，数据面计算层→网络层    技术路径：恶意Ingress注入→控制器生成恶意配置→Nginx Pod执行Lua代码→读取ServiceAccount Token→访问API Server→获取集群Secret    关键节点：ingress-nginx控制器过高的RBAC权限，configuration-snippet字段未过滤    权限扩展：Ingress操作权限→控制器ServiceAccount权限→集群级Secret读取权限    影响范围：跨越扩展组件与控制面核心组件，影响集群全局Secret安全    防护薄弱点：扩展组件默认高权限配置，自定义片段功能缺乏沙箱隔离    检测难点：Lua代码注入与正常配置片段难以区分，跨控制面-数据面攻击链隐蔽  2. 信任边界影响评估    架构影响分析：    - 控制面影响：API层鉴权机...
CVE-2021-25748,7.6,HIGH,CWE-20,2025-05-29T03:22:32.370396,62.47,Analyzer_0,deepseek-r1-250120,True,6,12,347,156,kubernetes/ingress-nginx,  ``` 1. 信任边界类别分析    主要边界突破：控制平面组件间 - 扩展组件→核心组件权限滥用    次要边界突破：数据面→控制面 - Pod→API Server权限提升    架构层次影响：控制面扩展层→API层→存储层    技术路径：构造恶意Ingress→绕过路径清理→控制器凭证泄露→访问API Server→读取集群Secret    关键节点：ingress-nginx控制器路径处理逻辑缺陷    权限扩展：Ingress写权限→集群级Secret读取权限    影响范围：控制面扩展组件到核心数据存储的全链条突破    防护薄弱点：扩展组件默认高权限SA，路径字段输入验证不充分    检测难点：换行符注入特征隐蔽，合法凭证滥用难追踪  2. 信任边界影响评估    架构影响分析：    - 控制面影响：API层输入验证失效，控制层凭证泄露，存储层Secret数据暴露    - 数据面影响：通过Secret泄露影响数据面应用敏感配置    - 跨平面传播：控制面凭证泄露导致数据面应用密钥被盗    - 节点拓扑影响：Worker节点ingress控制器成为攻击跳板 ...
CVE-2024-7646,8.8,HIGH,CWE-20,2025-05-29T03:22:37.302120,39.63,Analyzer_3,deepseek-r1-250120,True,4,4,30,2,kubernetes/ingress-nginx,  ``` 1. 信任边界类别分析    主要边界突破：控制平面组件间 - 扩展组件→核心组件权限滥用    次要边界突破：数据面→控制面 - 容器→控制器状态操纵    架构层次影响：控制面扩展层→API层→存储层    技术路径：创建恶意Ingress→绕过注解验证→控制器配置渲染注入→窃取SA Token→访问集群Secret    关键节点：nginx配置渲染阶段的命令注入点，ingress-nginx SA权限过高    权限扩展：Ingress操作权限→集群级Secret读取权限→潜在管理员权限    影响范围：跨越扩展组件层、API层和存储层，影响集群全局敏感数据    防护薄弱点：扩展组件输入验证不充分，控制器SA默认权限未遵循最小化原则    检测难点：合法注解与恶意载荷难以区分，跨控制面组件的攻击链关联分析困难  2. 信任边界影响评估    架构影响分析：    - 控制面影响：API层注解验证绕过，控制层配置渲染逻辑污染，存储层Secret全量泄露    - 数据面影响：通过Secret泄露间接影响数据面应用凭据安全    - 跨平面传播：控制面凭证泄露导致数据...
CVE-2025-1097,8.8,HIGH,CWE-20,2025-05-29T03:22:49.503497,50.38,Analyzer_2,deepseek-r1-250120,True,2,2,2,2,kubernetes/ingress-nginx,  ``` 1. 信任边界类别分析    主要边界突破：数据面→控制面 - 容器→控制器状态操纵 (1.2)    次要边界突破：控制平面组件间 - 扩展组件→核心组件权限滥用 (4.2)    架构层次影响：数据面计算层→控制面扩展层→存储层    技术路径：构造恶意Ingress注解→注入nginx配置→执行Lua代码→窃取控制器SA Token→访问集群Secrets    关键节点：注解值未转义直接拼接至nginx配置模板，控制器默认集群级RBAC权限    权限扩展：Ingress资源写权限→ingress-nginx控制器执行权限→集群级Secret读取权限    影响范围：跨越数据面资源层、控制面扩展组件层及存储层敏感数据    防护薄弱点：注解输入验证缺失，扩展组件权限未遵循最小化原则    检测难点：合法配置与恶意注入的语法相似性，跨架构层攻击行为关联分析困难  2. 信任边界影响评估    架构影响分析：    - 控制面影响：扩展层组件配置生成逻辑被污染，存储层Secret数据全面泄露    - 数据面影响：计算层Pod通过恶意资源对象反向控制控制面组件    -...
CVE-2025-1098,8.8,HIGH,CWE-20,2025-05-29T03:22:52.634395,46.29,Analyzer_1,deepseek-r1-250120,True,2,6,14,14,kubernetes/ingress-nginx,"  ``` 1. 信任边界类别分析    主要边界突破：控制面→数据面 - 扩展组件→核心组件权限滥用 (4.2)    次要边界突破：数据面→控制面 - 容器→控制器状态操纵 (1.2), 外部→内部 - 外部→API路径创建 (5.1)    架构层次影响：控制面扩展层→数据面计算层→控制面存储层    技术路径：恶意Ingress注解→控制器配置注入→nginx反向代理劫持→访问API Server/Secrets    关键节点：注解处理模块的输入验证缺失，控制器Pod的高权限ServiceAccount    权限扩展：Ingress编辑权限→集群级Secret读取权限→控制面组件执行权限    影响范围：跨越API层、控制层、存储层，影响集群全局敏感数据    防护薄弱点：扩展组件权限模型过度宽松，注解字段缺乏语法约束    检测难点：合法注解与恶意指令语义相似，跨平面攻击流量伪装正常通信  2. 信任边界影响评估    架构影响分析：    - 控制面影响：API层资源对象被污染，控制层配置状态异常，存储层密钥数据泄露    - 数据面影响：计算层控制器Pod被控制，网络..."
CVE-2025-24513,4.8,MEDIUM,CWE-20,2025-05-29T03:23:15.079477,42.71,Analyzer_0,deepseek-r1-250120,True,2,2,28,10,kubernetes/ingress-nginx,  ``` 1. 信任边界类别分析    主要边界突破：控制面→数据面 - API Server→Pod配置注入    次要边界突破：数据面→宿主机 - 容器→节点资源耗尽    架构层次影响：控制面扩展层→数据面计算层→节点存储层    技术路径：构造恶意Ingress路径→准入控制器处理→容器文件系统越界写入    关键节点：Admission Controller路径清理逻辑缺失    权限扩展：普通用户Ingress权限→容器文件系统控制→宿主机敏感目录访问    影响范围：ingress-nginx控制器Pod、挂载Secret的工作负载    防护薄弱点：准入控制器输入验证不充分，容器文件系统隔离依赖    检测难点：合法路径配置与恶意遍历难以区分，跨架构层日志关联不足  2. 信任边界影响评估    架构影响分析：    - 控制面影响：扩展层准入控制器逻辑缺陷，未影响核心API层    - 数据面影响：计算层容器隔离突破，存储层Secret潜在泄露    - 跨平面传播：通过控制面扩展组件影响数据面容器配置    - 节点拓扑影响：仅影响运行ingress-ginx控制...
CVE-2025-24514,8.8,HIGH,CWE-20,2025-05-29T03:23:30.590471,53.29,Analyzer_3,deepseek-r1-250120,True,2,2,2,2,kubernetes/ingress-nginx,  ``` 1. 信任边界类别分析    主要边界突破：数据面→控制面 - 容器→控制器状态操纵    次要边界突破：控制面组件间 - 扩展组件→核心组件权限滥用    架构层次影响：数据面计算层→控制面控制层→存储层    技术路径：恶意Ingress注解注入→控制器配置渲染漏洞→nginx.conf代码执行→Secret泄露    关键节点：auth-url注解的输入验证缺失，控制器模板渲染逻辑缺陷    权限扩展：Ingress写权限→控制器Pod执行权限→集群级Secret读取权限    影响范围：跨越数据面资源层和控制面配置层，影响集群全局Secret安全    防护薄弱点：注解输入过滤机制缺失，控制器默认权限过度授予    检测难点：合法注解与恶意载荷难以区分，模板渲染过程缺乏运行时监控  2. 信任边界影响评估    架构影响分析：    - 控制面影响：控制层配置生成机制被污染，存储层敏感数据泄露    - 数据面影响：计算层入口流量配置被篡改，网络层服务暴露异常    - 跨平面传播：数据面资源定义触发控制面配置漏洞，形成双向攻击路径    - 节点拓扑影响：控制器P...
CVE-2024-9676,6.5,MEDIUM,CWE-22,2025-05-29T03:23:42.190647,49.55,Analyzer_1,deepseek-r1-250120,True,1,3,76,27,containers/storage,  ``` 1. 信任边界类别分析    主要边界突破：数据面(容器)→宿主机 - 容器→节点资源耗尽    次要边界突破：无    架构层次影响：数据面计算层→宿主机资源管理层    技术路径：创建含符号链接的恶意镜像→触发CRI-O文件读取缺陷→加载宿主机大文件→内存耗尽触发OOM    关键节点：CRI-O用户命名空间自动分配时的符号链接验证缺失    权限扩展：Pod创建权限→节点级资源控制能力    影响范围：单节点计算资源耗尽，影响数据面计算层稳定性    防护薄弱点：容器运行时符号链接验证机制缺陷，自动用户命名空间默认配置风险    检测难点：容器文件操作审计粒度不足，OOM事件与攻击行为关联困难  2. 信任边界影响评估    架构影响分析：    - 控制面影响：仅间接影响调度器决策，不直接破坏控制面组件    - 数据面影响：计算层资源隔离失效，节点级服务可用性受损    - 跨平面传播：未形成控制面与数据面的双向攻击路径    - 节点拓扑影响：仅影响运行恶意Pod的Worker节点     权限边界突破：    - 权限扩展路径：Pod创建权限→节点资源控制权（...
CVE-2022-36056,5.5,MEDIUM,CWE-347,2025-05-29T03:23:51.025606,35.94,Analyzer_0,deepseek-r1-250120,True,2,14,2904,472,sigstore/cosign,  ``` 1. 信任边界类别分析    主要边界突破：集群外部→集群内部 - 外部资源→控制面引用注入    次要边界突破：数据面(容器)→宿主机 - Pod→Worker节点逃逸    架构层次影响：外部镜像仓库→控制面准入层→数据面计算层    技术路径：构造无效Cosign Bundle→绕过镜像签名验证→部署恶意Pod→容器逃逸攻击    关键节点：准入控制器的镜像验证策略失效点    权限扩展：外部攻击者→集群部署权限→Worker节点root权限    影响范围：跨越供应链层、控制面策略层、数据面运行时层    防护薄弱点：镜像验证工具链完整性保障不足    检测难点：签名验证过程缺乏深度日志，容器逃逸行为与正常操作差异小  2. 信任边界影响评估    架构影响分析：    - 控制面影响：API层准入策略失效，控制层镜像验证逻辑被污染    - 数据面影响：计算层容器隔离突破，网络层横向移动可能性增加    - 跨平面传播：恶意配置从控制面策略层渗透至数据面运行时层    - 节点拓扑影响：Worker节点成为攻击跳板，可能威胁Master节点     权限边界突破：...
CVE-2025-32431,0.0,,CWE-22,2025-05-29T03:24:14.329429,84.82,Analyzer_2,deepseek-r1-250120,True,15,40,411,150,traefik/traefik,  ``` 1. 信任边界类别分析    主要边界突破：外部→内部 - 外部网络→数据面直接访问    次要边界突破：数据面→控制面 - 容器→控制器状态操纵    架构层次影响：数据面网络层→计算层→控制面API层    技术路径：构造/../路径请求→绕过Traefik路由匹配→跳过中间件链→访问未授权后端服务    关键节点：Ingress路由路径规范化解码逻辑缺陷    权限扩展：外部匿名用户→内部服务访问权限→潜在控制面组件访问    影响范围：跨越Ingress网络边界，影响多租户服务隔离和中间件安全策略    防护薄弱点：Ingress控制器路径处理未遵循RFC标准化    检测难点：合法HTTP请求伪装，跨中间件访问行为难追踪  2. 信任边界影响评估    架构影响分析：    - 控制面影响：若后端服务关联控制面组件可能泄露API层凭证    - 数据面影响：网络层路由策略失效，计算层服务隔离突破    - 跨平面传播：通过被入侵服务发起控制面API请求    - 节点拓扑影响：Worker节点暴露服务的横向渗透风险     权限边界突破：    - 权限扩展路径：...
CVE-2023-51699,4.0,MEDIUM,"CWE-78, CWE-78",2025-05-29T03:24:19.880863,37.69,Analyzer_1,deepseek-r1-250120,True,4,30,678,140,fluid-cloudnative/fluid,  ``` 1. 信任边界类别分析    主要边界突破：控制面→数据面 - 控制器→工作负载恶意分发    次要边界突破：数据面→宿主机 - Pod→Worker节点逃逸    架构层次影响：控制面控制层→数据面计算层→宿主机隔离层    技术路径：恶意CRD提交→控制器参数拼接→容器命令注入→宿主机挂载逃逸    关键节点：Fluid控制器spec参数未转义直接传递至shell命令    权限扩展：CRD操作权限→容器root权限→宿主机管理权限    影响范围：跨越控制面扩展层与数据面计算层，影响存储层数据完整性    防护薄弱点：CRD参数验证缺失，控制器代码未采用安全命令构造方式    检测难点：合法CRD操作中隐藏命令注入，跨平面攻击行为关联困难  2. 信任边界影响评估    架构影响分析：    - 控制面影响：控制层CRD处理逻辑被污染，扩展组件信任链断裂    - 数据面影响：计算层容器隔离突破，存储层卷数据面临篡改风险    - 跨平面传播：通过控制器配置注入实现控制面到数据面的攻击穿透    - 节点拓扑影响：Worker节点容器运行时安全性受损     权限边界...
CVE-2019-19921,7.0,HIGH,CWE-706,2025-05-29T03:24:30.400239,39.37,Analyzer_0,deepseek-r1-250120,True,2,2,3,1,opencontainers/runc,  ``` 1. 信任边界类别分析    主要边界突破：数据面(容器)→宿主机 - Pod→Worker节点逃逸    次要边界突破：[数据面→控制面 - Pod→API Server权限提升]    架构层次影响：数据面计算层→宿主机→控制面存储层    技术路径：构造恶意volumeMounts→触发runc文件描述符泄漏→挂载宿主机根目录→写入恶意文件实现逃逸    关键节点：runc init进程未及时关闭/proc/self/fd文件描述符    权限扩展：容器内普通用户→宿主机root→集群管理权限（通过窃取节点凭证）    影响范围：单节点计算层隔离失效→控制面etcd凭证泄露风险    防护薄弱点：volumeMounts路径校验机制缺失，运行时文件描述符管理缺陷    检测难点：合法volume配置与攻击载荷相似，竞争条件攻击时间窗口短  2. 信任边界影响评估    架构影响分析：    - 控制面影响：可能通过节点凭证窃取影响etcd存储层安全    - 数据面影响：彻底破坏计算层容器隔离机制，威胁节点存储层    - 跨平面传播：通过沦陷节点kubelet凭证发...
CVE-2021-43784,6.0,MEDIUM,CWE-190,2025-05-29T03:24:59.080710,39.2,Analyzer_1,deepseek-r1-250120,True,6,24,936,54,opencontainers/runc,  ``` 1. 信任边界类别分析    主要边界突破：数据面(容器)→宿主机 - Pod→Worker节点逃逸    次要边界突破：数据面→控制面 - Pod→API Server权限提升    架构层次影响：数据面计算层→节点隔离层→控制面存储层    技术路径：构造恶意namespace配置→触发runc整数溢出→篡改netlink消息→禁用命名空间隔离→宿主机逃逸    关键节点：runc编码器对16-bit长度字段的溢出校验缺失    权限扩展：容器用户权限→宿主机root权限→集群管理权限（通过窃取节点凭证）    影响范围：单节点容器逃逸可能升级为集群级权限控制    防护薄弱点：容器运行时配置验证不足，namespace路径信任模型缺陷    检测难点：合法namespace配置与恶意负载难以区分，逃逸后行为与正常进程特征重叠  2. 信任边界影响评估    架构影响分析：    - 控制面影响：可能通过节点kubelet凭证泄露影响API层认证    - 数据面影响：突破计算层namespace隔离，污染节点存储层    - 跨平面传播：宿主机权限可能横向移动至控制平...
CVE-2021-30465,8.5,HIGH,CWE-362,2025-05-29T03:24:59.827470,45.5,Analyzer_2,deepseek-r1-250120,True,2,8,458,272,opencontainers/runc,  ``` 1. 信任边界类别分析    主要边界突破：数据面(容器)→宿主机 - Pod→Worker节点逃逸    次要边界突破：数据面→控制面 - 容器→控制器状态操纵    架构层次影响：数据面计算层→节点隔离层→控制面存储层    技术路径：构造恶意volumeMounts→触发runc竞态条件→符号链接重定向→宿主机路径访问    关键节点：kubelet对hostPath挂载的校验缺失，runc路径解析竞态窗口    权限扩展：容器用户权限→宿主机文件系统访问→kubelet凭证窃取→集群控制权限    影响范围：单Worker节点文件系统→集群凭证存储→潜在控制面组件渗透    防护薄弱点：hostPath挂载策略宽松，容器运行时版本更新滞后    检测难点：基于时间竞争的逃逸行为难以捕捉，合法挂载与攻击行为特征重叠  2. 信任边界影响评估    架构影响分析：    - 控制面影响：通过节点凭证泄露间接威胁API Server和etcd    - 数据面影响：计算层容器隔离失效，存储层敏感卷数据泄露    - 跨平面传播：宿主机沦陷后可能横向渗透至Master节点 ...
CVE-2023-28642,6.1,MEDIUM,"CWE-281, CWE-59",2025-05-29T03:25:06.385705,35.98,Analyzer_0,deepseek-r1-250120,True,1,2,39,9,opencontainers/runc,  ``` 1. 信任边界类别分析    主要边界突破：数据面(容器)→宿主机 - Pod→Worker节点逃逸    次要边界突破：数据面→控制面 - 工作负载→etcd数据访问（潜在横向移动）    架构层次影响：数据面计算层→节点隔离层→控制面存储层（潜在）    技术路径：挂载宿主机/proc→容器内符号链接→绕过AppArmor→访问宿主机/proc/self/mem    关键节点：runc对/proc符号链接的校验缺失，hostPath挂载配置缺陷    权限扩展：容器用户权限→宿主机进程内存操作权限→潜在集群管理权限    影响范围：单节点容器逃逸→宿主机控制→可能影响控制平面组件    防护薄弱点：hostPath挂载策略宽松，运行时符号链接校验缺失    检测难点：合法/proc挂载与攻击行为难以区分，容器内符号链接操作隐蔽  2. 信任边界影响评估    架构影响分析：    - 控制面影响：若宿主机被控制，可能通过节点凭证访问API Server    - 数据面影响：计算层容器隔离失效，存储层敏感文件暴露    - 跨平面传播：通过节点kubelet凭证实现数...
CVE-2024-45395,3.1,LOW,"CWE-835, CWE-835",2025-05-29T03:25:17.759717,107.17,Analyzer_3,deepseek-r1-250120,True,2,12,312,6,sigstore/sigstore-go,  ``` 1. 信任边界类别分析    主要边界突破：外部→集群内部 - 外部资源→控制面引用注入    次要边界突破：控制面→数据面 - API Server→Pod配置注入    架构层次影响：外部网络→控制面API层→数据面计算层    技术路径：构造恶意Bundle→通过API创建CRD资源→触发验证组件处理→耗尽计算层CPU资源    关键节点：API层对CRD资源的接收与转发机制    权限扩展：外部攻击者→集群资源创建权限→数据面计算资源控制权    影响范围：影响控制面扩展组件可用性，波及依赖验证服务的数据面工作负载    防护薄弱点：API层缺乏资源内容预检机制，验证组件缺乏计算资源隔离    检测难点：合法CRD资源操作与攻击载荷难以区分，资源验证过程缺乏性能基线监控  2. 信任边界影响评估    架构影响分析：    - 控制面影响：API层资源接收机制被滥用，扩展层组件服务可用性受损    - 数据面影响：计算层工作负载资源耗尽，影响节点服务连续性    - 跨平面传播：外部攻击通过控制面渗透至数据面，资源耗尽反向影响控制面功能    - 节点拓扑影响：Wo...
CVE-2024-21626,8.6,HIGH,"CWE-403, CWE-668, CWE-668",2025-05-29T03:25:39.323897,40.24,Analyzer_1,deepseek-r1-250120,True,2,22,366,112,opencontainers/runc,  ``` 1. 信任边界类别分析    主要边界突破：数据面(容器) → 宿主机 - Pod→Worker节点逃逸    次要边界突破：控制面→数据面 - 控制器→工作负载恶意分发    架构层次影响：数据面计算层→宿主机隔离层→控制面API层    技术路径：runc exec触发fd泄漏→容器进程获取宿主机fs访问→覆盖宿主机kubelet→控制集群节点    关键节点：runc处理文件描述符时的泄漏点导致容器工作目录挂载逃逸    权限扩展：容器用户权限→宿主机root权限→集群节点管理权限    影响范围：Worker节点计算层隔离失效，可能通过节点权限影响控制平面组件    防护薄弱点：容器运行时文件描述符管理机制存在设计缺陷    检测难点：合法容器操作与恶意逃逸行为难以区分  2. 信任边界影响评估    架构影响分析：    - 控制面影响：若kubelet被篡改，可能影响API层节点状态上报    - 数据面影响：计算层容器隔离机制完全失效，宿主机存储层暴露    - 跨平面传播：宿主机沦陷后可通过节点凭证横向攻击控制平面    - 节点拓扑影响：Worker节点成...
CVE-2020-2026,7.8,HIGH,"CWE-59, CWE-59",2025-05-29T03:25:42.108808,42.28,Analyzer_2,deepseek-r1-250120,True,1,14,96,64,kata-containers/runtime,  ``` 1. 信任边界类别分析    主要边界突破：数据面(容器)→宿主机 - Pod→Worker节点逃逸 (类别3.1)    次要边界突破：控制面→数据面 - 控制面→存储层配置污染 (类别2.3)    架构层次影响：数据面计算层→宿主机隔离层→控制面存储层    技术路径：创建RuntimeClass为kata的Pod→利用Kata路径校验缺陷挂载/目录→覆盖宿主机敏感文件→执行恶意代码    关键节点：      - Kata运行时的mount.go路径规范化逻辑缺失      - Kubernetes允许hostPath挂载与RuntimeClass的组合配置    权限扩展：      - 容器级权限→宿主机root权限→集群节点管理权限    影响范围：      - 单节点容器逃逸→跨节点横向移动→潜在控制面组件渗透    防护薄弱点：      - 容器运行时层安全校验机制缺失      - PSP/Gatekeeper未限制高危RuntimeClass与hostPath组合    检测难点：      - 合法RuntimeClass使用与恶意配置的区分困难...
CVE-2024-29893,6.5,MEDIUM,CWE-400,2025-05-29T03:25:49.817573,32.05,Analyzer_3,deepseek-r1-250120,True,6,34,160,82,argoproj/argo-cd,  ``` 1. 信任边界类别分析    主要边界突破：集群外部→集群内部 - 外部资源→控制面引用注入    次要边界突破：数据面→控制面 - 容器→控制器状态操纵    架构层次影响：控制面扩展层→数据面计算层    技术路径：创建恶意Helm仓库→配置ArgoCD Application→触发repo-server内存耗尽→阻断GitOps流程    关键节点：helm包loadRepoIndex()未实施内存限制    权限扩展：ArgoCD配置权限→控制面组件崩溃权限→集群持续交付中断权限    影响范围：控制面扩展组件可用性→数据面应用部署状态同步    防护薄弱点：外部资源验证机制缺失，扩展组件资源隔离不足    检测难点：正常仓库同步与恶意DoS攻击流量难以区分  2. 信任边界影响评估    架构影响分析：    - 控制面影响：扩展层组件可用性受损，中断声明式API协调流程    - 数据面影响：计算层应用更新延迟，网络层仓库连接异常    - 跨平面传播：通过控制面扩展组件故障影响数据面应用状态同步    - 节点拓扑影响：repo-server所在节点内存资源耗...
CVE-2024-45310,3.6,LOW,"CWE-61, CWE-363",2025-05-29T03:25:58.558783,52.17,Analyzer_0,deepseek-r1-250120,True,7,21,982,349,opencontainers/runc,  ``` 1. 信任边界类别分析    主要边界突破：数据面(容器)→宿主机 - Pod→Worker节点逃逸    次要边界突破：数据面→控制面 - 容器→控制器状态操纵    架构层次影响：数据面计算层→宿主机存储层    技术路径：创建共享hostPath卷的Pod→触发runc竞态条件→宿主机敏感目录写入    关键节点：runc的os.MkdirAll竞态条件处理逻辑缺陷    权限扩展：容器内用户权限→宿主机文件系统写权限    影响范围：Worker节点文件系统完整性，可能影响依赖路径的服务    防护薄弱点：hostPath卷访问控制缺失，用户命名空间未启用    检测难点：宿主机空文件创建行为与正常操作难以区分  2. 信任边界影响评估    架构影响分析：    - 控制面影响：API层Pod创建审批机制未拦截恶意卷配置    - 数据面影响：计算层容器逃逸至宿主机存储层    - 跨平面传播：数据面漏洞可能污染控制面依赖的宿主机环境    - 节点拓扑影响：仅影响运行恶意Pod的Worker节点     权限边界突破：    - 权限扩展路径：Pod用户→宿主机...
CVE-2023-5408,7.2,HIGH,CWE-269,2025-05-29T03:26:25.681241,43.57,Analyzer_2,deepseek-r1-250120,True,1,4,55,9,openshift/kubernetes,  ``` 1. 信任边界类别分析    主要边界突破：数据面→控制面 - 容器→控制器状态操纵    次要边界突破：控制面→数据面 - 控制器→工作负载恶意分发    架构层次影响：数据面计算层→控制面控制层→存储层    技术路径：修改节点角色标签→绕过准入控制→影响调度决策→获取控制平面组件权限    关键节点：NodeRestriction插件对protected labels的校验缺失    权限扩展：Node资源修改权限→控制平面组件访问权限→集群管理权限    影响范围：跨越Worker节点与控制平面，破坏核心组件隔离性    防护薄弱点：准入控制层标签校验不充分，节点RBAC权限粒度过粗    检测难点：合法标签变更与恶意注入行为难以区分，跨架构层攻击溯源困难  2. 信任边界影响评估    架构影响分析：    - 控制面影响：控制层调度策略失效，存储层etcd数据面临泄露风险    - 数据面影响：计算层节点角色混淆，网络层核心组件流量可能被劫持    - 跨平面传播：数据面节点配置篡改导致控制面组件暴露在非安全节点    - 节点拓扑影响：Master节点与Wor...
CVE-2020-27151,8.8,HIGH,N/A,2025-05-29T03:26:34.577173,44.76,Analyzer_3,deepseek-r1-250120,True,2,6,28,18,kata-containers/runtime,  ``` 1. 信任边界类别分析    主要边界突破：数据面(容器)→宿主机 - Pod→Worker节点逃逸    次要边界突破：控制面→数据面 - API Server→Pod配置注入    架构层次影响：数据面计算层→节点宿主机层    技术路径：创建恶意注解Pod→Kata运行时解析执行→宿主机root权限RCE    关键节点：Kata运行时对注解参数的未验证命令执行    权限扩展：Pod创建权限→Worker节点root权限→集群级横向移动能力    影响范围：数据面计算层隔离失效，可能威胁控制面共同部署节点    防护薄弱点：运行时注解处理缺乏安全验证，Pod注解权限未隔离    检测难点：合法注解与恶意注入难以区分，运行时执行行为隐蔽  2. 信任边界影响评估    架构影响分析：    - 控制面影响：若Master节点运行Kata Pod，可能被反向渗透    - 数据面影响：计算层隔离机制失效，宿主机层完全沦陷    - 跨平面传播：通过节点SSH凭据窃取可横向攻击控制平面    - 节点拓扑影响：Worker节点成为攻击跳板，威胁混合部署架构     权限边...
CVE-2024-12401,4.4,MEDIUM,CWE-20,2025-05-29T03:26:36.947093,57.62,Analyzer_1,deepseek-r1-250120,True,9,61,1642,227,cert-manager/cert-manager,  ``` 1. 信任边界类别分析    主要边界突破：控制面→数据面 - 控制器→工作负载恶意分发    次要边界突破：数据面→控制面 - 容器→控制器状态操纵    架构层次影响：控制面控制层→数据面计算层    技术路径：API层Secret注入→控制层PEM解析异常→计算层证书服务中断    关键节点：cert-manager控制器PEM解析逻辑缺失资源限制    权限扩展：Secret写入权限→控制平面组件级拒绝服务能力    影响范围：控制面证书管理功能→数据面TLS服务可用性    防护薄弱点：第三方控制器输入验证机制不完善    检测难点：合法PEM数据与恶意构造数据的区分困难  2. 信任边界影响评估    架构影响分析：    - 控制面影响：控制层证书协调功能瘫痪，存储层Secret数据完整性风险    - 数据面影响：计算层动态证书服务中断，网络层TLS连接失败    - 跨平面传播：控制面故障直接传导至数据面应用层    - 节点拓扑影响：控制器Pod所在节点负载激增     权限边界突破：    - 权限扩展路径：Namespace级Secret权限→集群级...
CVE-2022-24348,7.7,HIGH,CWE-22,2025-05-29T03:27:04.074167,38.39,Analyzer_2,deepseek-r1-250120,True,2,12,812,94,argoproj/argo-cd,  ``` 1. 信任边界类别分析    主要边界突破：数据面→控制面 - Pod→API Server权限提升    次要边界突破：控制面组件间 - 扩展组件→存储层信息泄露    架构层次影响：数据面计算层→控制面扩展层→存储层    技术路径：构造恶意Helm路径→绕过路径检查→读取etcd存储的Secret数据    关键节点：repository.go未对chartPath进行Clean处理    权限扩展：Argo CD应用管理权限→集群Secret读取权限→etcd数据访问权限    影响范围：跨越CI/CD控制流与集群数据存储层，影响多Namespace凭证    防护薄弱点：Helm输入校验缺失，扩展组件文件访问控制不足    检测难点：合法Helm操作与恶意路径遍历难以区分  2. 信任边界影响评估    架构影响分析：    - 控制面影响：扩展层配置校验失效，存储层敏感数据泄露    - 数据面影响：计算层恶意配置注入，网络层凭证传输风险    - 跨平面传播：通过Application资源将数据面载荷注入控制面    - 节点拓扑影响：影响运行Argo CD的...
CVE-2022-4361,10.0,CRITICAL,"CWE-81, CWE-79",2025-05-29T03:27:12.233972,73.67,Analyzer_0,deepseek-r1-250120,True,2,18,526,40,keycloak/keycloak,  ``` 1. 信任边界类别分析    主要边界突破：集群外部 → 集群内部 - 外部资源 → 控制面引用注入 (5.2)    次要边界突破：数据面 → 控制面 - Pod → API Server权限提升 (1.1)    架构层次影响：外部网络层 → 控制面API层 → 数据面计算层    技术路径：构造恶意OIDC请求→触发未过滤的redirect_uri→执行XSS脚本→窃取管理员Bearer Token→调用Kubernetes API    关键节点：OIDC回调流程中的redirect_uri参数验证缺失    权限扩展：外部匿名用户→集群管理员权限→全量控制平面+数据面资源    影响范围：跨越身份层/控制面/数据面，影响API Server、Dashboard及所有工作负载    防护薄弱点：OIDC客户端配置未启用redirect_uri白名单机制，未强制email_verified验证    检测难点：XSS攻击嵌套在合法OIDC流程中，会话劫持行为与正常API操作难以区分  2. 信任边界影响评估    架构影响分析：    - 控制面影响：API层会话认证...
CVE-2020-8945,7.5,HIGH,CWE-416,2025-05-29T03:27:15.277141,38.33,Analyzer_1,deepseek-r1-250120,True,5,8,215,63,"containers/image, proglottis/gpgme",  ``` 1. 信任边界类别分析    主要边界突破：数据面(容器)→宿主机 - Pod→Worker节点逃逸    次要边界突破：[数据面→控制面 - Pod→API Server权限提升]    架构层次影响：数据面计算层→宿主机系统层→控制面API层    技术路径：恶意镜像GPG验证→触发use-after-free→容器运行时崩溃/RCE→宿主机控制    关键节点：容器运行时签名验证阶段的内存管理缺陷    权限扩展：容器应用权限→宿主机root权限→集群管理权限(通过节点kubelet凭证)    影响范围：单节点运行时→跨节点横向移动→控制平面组件攻击    防护薄弱点：镜像验证流程缺乏内存安全防护，运行时隔离机制失效    检测难点：合法镜像拉取与漏洞利用行为难以区分，跨层级攻击链条隐蔽  2. 信任边界影响评估    架构影响分析：    - 控制面影响：可能通过节点kubelet凭证访问API层，影响控制层协调能力    - 数据面影响：计算层容器隔离失效，网络层节点间通信可能被劫持    - 跨平面传播：从数据面节点逃逸渗透至控制面etcd存储层    - 节...
CVE-2023-45823,7.5,HIGH,"CWE-22, CWE-22",2025-05-29T03:27:19.220619,44.64,Analyzer_3,deepseek-r1-250120,True,1,4,32,10,artifacthub/hub,  ``` 1. 信任边界类别分析    主要边界突破：数据面(容器)→宿主机 - Pod→Worker节点逃逸    次要边界突破：外部→内部 - 外部资源→控制面引用注入    架构层次影响：数据面计算层→控制面存储层    技术路径：构造含符号链接的git仓库→触发Artifact Hub索引→解析符号链接→读取宿主机文件系统    关键节点：符号链接验证缺失（CWE-22）、共享存储挂载配置    权限扩展：容器应用权限→宿主机文件访问权限→集群Secrets读取权限    影响范围：Worker节点文件系统→挂载的Kubernetes Secrets→etcd敏感数据泄露    防护薄弱点：生态工具文件处理安全假设不成立、共享存储权限过度    检测难点：合法仓库处理与恶意符号链接行为难以区分  2. 信任边界影响评估    架构影响分析：    - 控制面影响：存储层敏感数据（etcd Secrets）可能通过挂载路径泄露    - 数据面影响：计算层容器隔离突破，节点存储层任意文件读取    - 跨平面传播：通过共享存储挂载实现数据面→控制面存储层穿透    - 节点拓扑...
CVE-2024-5154,8.1,HIGH,"CWE-22, CWE-22",2025-05-29T03:27:39.392147,35.31,Analyzer_2,deepseek-r1-250120,True,4,4,68,16,cri-o/cri-o,  ``` 1. 信任边界类别分析    主要边界突破：数据面(容器)→宿主机 - Pod→Worker节点逃逸    次要边界突破：数据面→控制面 - 工作负载→etcd数据访问    架构层次影响：数据面计算层→宿主机隔离层→控制面存储层    技术路径：构造容器内符号链接→绕过CRI-O路径清理→读写宿主机文件→窃取kubelet证书→访问API Server    关键节点：CRI-O的路径解析逻辑缺陷，hostPath挂载宽泛路径    权限扩展：容器级权限→宿主机文件系统权限→集群管理权限    影响范围：宿主机文件系统完整性，kubelet服务安全，潜在集群控制权沦陷    防护薄弱点：hostPath挂载策略宽松，运行时符号链接行为监控缺失    检测难点：容器内文件操作与合法行为难以区分，跨层次攻击链路隐蔽  2. 信任边界影响评估    架构影响分析：    - 控制面影响：通过篡改kubelet配置或证书可间接影响API层通信安全    - 数据面影响：计算层容器隔离失效，存储层宿主机密文件暴露    - 跨平面传播：宿主机沦陷可能作为跳板攻击控制平面组件    ...
CVE-2023-47105,8.6,HIGH,CWE-78,2025-05-29T03:27:47.295153,35.06,Analyzer_0,deepseek-r1-250120,True,1,2,3,21,chaosblade-io/chaosblade,  ``` 1. 信任边界类别分析    主要边界突破：控制面→数据面 - 控制器→工作负载恶意分发 (2.1)    次要边界突破：数据面(容器)→宿主机 - Pod→Worker节点逃逸 (3.1)    架构层次影响：控制面扩展层→数据面计算层→节点系统层    技术路径：创建恶意ChaosBlade CRD→控制器解析spec.cmd→节点级OS命令执行    关键节点：Chaosblade控制器对cmd参数的验证缺失    权限扩展：CRD创建权限→节点root权限→集群网络横向移动    影响范围：控制面扩展组件、数据面节点、集群存储层    防护薄弱点：CRD资源准入控制缺失、控制器命令过滤失效    检测难点：合法混沌工程操作与攻击行为的模式相似性  2. 信任边界影响评估    架构影响分析：    - 控制面影响：扩展层控制器逻辑被污染，破坏控制面组件可信性    - 数据面影响：计算层容器隔离突破，节点系统层完全沦陷    - 跨平面传播：控制面配置层漏洞触发数据面运行时攻击    - 节点拓扑影响：Worker节点成为攻击跳板，可能渗透Master节点     ...
CVE-2021-27099,6.8,MEDIUM,CWE-863,2025-05-29T03:28:16.302133,36.91,Analyzer_2,deepseek-r1-250120,True,1,32,829,67,spiffe/spire,  ``` 1. 信任边界类别分析    主要边界突破：集群外部→集群内部 - 外部资源→控制面引用注入    次要边界突破：控制面→数据面 - 控制器→工作负载恶意分发    架构层次影响：外部云平台→控制面扩展层→数据面计算层    技术路径：篡改EC2标签→SPIRE节点认证路径注入→伪造SPIFFE ID→获取服务身份凭证    关键节点：aws_iid节点认证器的路径规范化处理逻辑缺陷    权限扩展：AWS资源标签控制权→集群服务身份权限→跨服务通信凭证    影响范围：SPIRE信任域内所有服务身份，涉及控制面身份系统和数据面服务发现    防护薄弱点：第三方身份组件对云平台元数据信任过度    检测难点：EC2标签篡改与合法配置变更难以区分，身份签发日志缺乏有效审计  2. 信任边界影响评估    架构影响分析：    - 控制面影响：扩展层身份系统完整性破坏，影响API层服务鉴权    - 数据面影响：计算层服务身份冒用，网络层服务间通信劫持    - 跨平面传播：通过伪造身份凭证实现控制面到数据面的权限传递    - 节点拓扑影响：Worker节点身份认证机制被绕过...
CVE-2023-41332,3.5,LOW,CWE-755,2025-05-29T03:28:21.799116,62.58,Analyzer_3,deepseek-r1-250120,True,2,8,23,9,cilium/cilium,  ``` 1. 信任边界类别分析    主要边界突破：数据面(容器)→宿主机 - 共同部署攻击面扩展    次要边界突破：数据面→控制面 - 容器→控制器状态操纵    架构层次影响：数据面计算层→网络层→控制面扩展层    技术路径：创建含恶意注解Pod→调度至目标节点→触发Cilium Agent段错误→节点级网络管控失效    关键节点：Cilium Agent对L7代理禁用状态下的注解处理逻辑缺陷    权限扩展：Pod创建权限→节点级网络管控失效→潜在集群节点调度干扰    影响范围：目标节点网络策略执行、工作负载生命周期管理功能    防护薄弱点：L7代理状态与注解处理的逻辑耦合缺乏异常保护    检测难点：合法注解字段滥用与组件崩溃的因果关系难以追溯  2. 信任边界影响评估    架构影响分析：    - 控制面影响：间接影响网络策略下发机制（通过数据面组件失效）    - 数据面影响：计算层Pod注入→网络层管控组件崩溃→存储层工作负载状态停滞    - 跨平面传播：数据面节点故障可能影响控制面网络策略生效范围    - 节点拓扑影响：Worker节点内部组件间信任...
CVE-2020-15184,3.7,LOW,"CWE-20, CWE-74",2025-05-29T03:28:23.974193,36.68,Analyzer_0,deepseek-r1-250120,True,2,8,158,2,helm/helm,  ``` 1. 信任边界类别分析    主要边界突破：控制面→数据面 - 控制器→工作负载恶意分发    次要边界突破：[集群外部→集群内部 - 外部资源→控制面引用注入]    架构层次影响：控制面扩展层→数据面计算层/网络层    技术路径：恶意Chart→漏洞Helm处理→生成异常K8s资源→部署恶意工作负载    关键节点：Helm依赖解析阶段的alias字段验证缺失    权限扩展：Chart部署权限→数据面资源配置权    影响范围：通过控制面工具污染数据面工作负载配置    防护薄弱点：Helm输入验证不充分，外部Chart信任过度    检测难点：合法Chart与恶意alias的语法差异细微  2. 信任边界影响评估    架构影响分析：    - 控制面影响：扩展层组件（Helm）配置生成逻辑被污染    - 数据面影响：计算层Pod配置异常，网络层服务路由篡改    - 跨平面传播：控制面配置缺陷导致数据面资源风险    - 节点拓扑影响：Worker节点可能运行恶意工作负载     权限边界突破：    - 权限扩展路径：Helm部署权限→数据面Pod执行权限 ...
CVE-2022-4318,7.8,HIGH,"CWE-538, CWE-913",2025-05-29T03:28:26.302115,71.02,Analyzer_1,deepseek-r1-250120,True,1,2,11,0,cri-o/cri-o,  ``` 1. 信任边界类别分析    主要边界突破：控制面→数据面 - API Server→Pod配置注入    次要边界突破：数据面(容器)→宿主机 - Pod→Worker节点逃逸    架构层次影响：控制面API层→数据面计算层→宿主机隔离层    技术路径：构造恶意Pod环境变量→CRI-O过滤逻辑缺陷→容器文件系统篡改→UID 0用户注入    关键节点：CRI-O环境变量处理未验证特殊字符，允许直接写入/etc/passwd    权限扩展：Pod创建权限→容器root权限→潜在宿主机访问权限    影响范围：数据面容器运行时隔离失效，可能影响共享Worker节点安全    防护薄弱点：CRI-O输入验证机制缺失，RBAC未限制高危环境变量命名    检测难点：环境变量滥用与正常使用的行为差异难以识别  2. 信任边界影响评估    架构影响分析：    - 控制面影响：API层Pod准入控制未能拦截恶意环境变量配置    - 数据面影响：计算层容器用户管理机制被破坏，隔离性失效    - 跨平面传播：控制面配置错误导致数据面运行时安全边界突破    - 节点拓扑影响...
CVE-2021-32760,5.0,MEDIUM,"CWE-668, CWE-732",2025-05-29T03:29:00.812924,44.51,Analyzer_2,deepseek-r1-250120,True,1,1,1,1,containerd/containerd,  ``` 1. 信任边界类别分析    主要边界突破：数据面(容器)→宿主机 - Pod→Worker节点逃逸    次要边界突破：集群外部→集群内部 - 外部资源→控制面引用注入    架构层次影响：数据面计算层→宿主机隔离层→控制面配置层    技术路径：构造恶意镜像→通过Pod拉取→containerd解压触发权限变更→宿主机文件系统篡改    关键节点：containerd镜像解压时的文件权限处理逻辑缺陷    权限扩展：容器运行时权限→宿主机文件系统修改权限→潜在root权限获取    影响范围：Worker节点文件系统完整性，可能影响控制面组件配置文件    防护薄弱点：容器运行时文件操作审计不足，镜像来源验证机制缺失    检测难点：合法镜像操作与恶意权限变更的行为差异难以识别  2. 信任边界影响评估    架构影响分析：    - 控制面影响：可能通过篡改kubelet配置文件影响控制面组件    - 数据面影响：计算层容器逃逸，宿主机隔离层失效    - 跨平面传播：宿主机文件系统污染可能影响控制面组件运行    - 节点拓扑影响：仅影响Worker节点，但可能通...
CVE-2022-4886,8.8,HIGH,CWE-20,2025-05-29T03:29:04.168348,37.86,Analyzer_1,deepseek-r1-250120,True,2,14,592,0,kubernetes/ingress-nginx,  ``` 1. 信任边界类别分析    主要边界突破：控制面 → 数据面 - 控制器→工作负载恶意分发    次要边界突破：数据面→控制面 - 容器→控制器状态操纵    架构层次影响：控制面扩展层→数据面网络层    技术路径：恶意注解注入→Ingress控制器配置生成→NGINX路径规则绕过    关键节点：log_format指令的变量过滤缺失（CWE-20）    权限扩展：Ingress资源修改权→后端服务访问权→潜在数据面横向移动    影响范围：控制面配置层→数据面网络路由层→后端服务层    防护薄弱点：注解字段的输入验证不足，控制器配置生成环节缺乏安全审计    检测难点：合法日志配置与恶意注入的语义差异难以识别  2. 信任边界影响评估    架构影响分析：    - 控制面影响：扩展层(ingress-nginx)配置验证失效    - 数据面影响：网络层路由策略绕过，计算层服务暴露    - 跨平面传播：控制面配置错误直接污染数据面路由行为    - 节点拓扑影响：影响所有运行ingress-nginx的Worker节点     权限边界突破：    - 权限...
CVE-2024-40635,4.6,MEDIUM,CWE-190,2025-05-29T03:29:04.466764,42.66,Analyzer_3,deepseek-r1-250120,True,6,12,672,24,containerd/containerd,  ``` 1. 信任边界类别分析    主要边界突破：数据面(容器)→宿主机 - Pod→Worker节点逃逸    次要边界突破：多租户间隔离 - 命名空间→跨租户资源访问    架构层次影响：数据面计算层→节点隔离层→控制面存储层    技术路径：设置恶意runAsUser值→触发containerd整数溢出→获得root容器→逃逸至宿主机    关键节点：containerd UID/GID解析模块的32位整数溢出校验点    权限扩展：非特权容器→root容器→宿主机进程权限    影响范围：单个Worker节点容器隔离机制→潜在集群级控制面组件安全    防护薄弱点：运行时参数校验不充分，多租户UID范围策略缺失    检测难点：合法K8s资源配置与漏洞利用行为特征重叠  2. 信任边界影响评估    架构影响分析：    - 控制面影响：间接影响存储层敏感数据(若逃逸节点托管控制面组件)    - 数据面影响：彻底破坏计算层容器隔离，威胁节点存储/网络资源    - 跨平面传播：通过逃逸节点攻击同节点控制面组件(如kubelet)    - 节点拓扑影响：Worker节点...
CVE-2023-5043,7.6,HIGH,"CWE-20, CWE-74",2025-05-29T03:29:36.001449,72.03,Analyzer_0,deepseek-r1-250120,True,1,6,197,35,kubernetes/ingress-nginx,  ``` 1. 信任边界类别分析    主要边界突破：控制面→数据面 - 控制面→网络/存储层配置污染 (2.3)    次要边界突破：数据面→宿主机 - Pod→Worker节点逃逸 (3.1)    架构层次影响：控制面API层→数据面计算层/网络层    技术路径：API注入恶意Ingress注解→Ingress控制器解析生成Nginx配置→命令在控制器Pod内执行    关键节点：nginx.ingress.kubernetes.io/* 注解字段的输入验证缺失    权限扩展：Ingress资源写入权限→控制器Pod执行权限→宿主机权限（若特权部署）    影响范围：Ingress控制器Pod所在数据平面→集群网络配置层→跨命名空间服务    防护薄弱点：注解字段未纳入准入控制验证范围，控制器Pod默认SA权限过高    检测难点：合法Nginx配置片段与恶意命令注入的语义差异难以识别  2. 信任边界影响评估    架构影响分析：    - 控制面影响：API层资源对象完整性被破坏，控制层配置分发机制遭滥用    - 数据面影响：计算层容器隔离突破，网络层配置被恶意篡改 ...
CVE-2021-37914,6.5,MEDIUM,CWE-20,2025-05-29T03:29:42.366415,38.2,Analyzer_1,deepseek-r1-250120,True,6,647,30343,11013,argoproj/argo-workflows,  ``` 1. 信任边界类别分析    主要边界突破：数据面→控制面 - 容器→控制器状态操纵    次要边界突破：控制面→数据面 - 控制器→工作负载恶意分发    架构层次影响：数据面计算层→控制面控制层→数据面计算层    技术路径：提交恶意Workflow→Argo控制器解析表达式→执行系统命令→分发恶意Pod    关键节点：Argo控制器表达式模板解析环节的输入验证缺失    权限扩展：普通用户→Argo控制器SA权限→节点级命令执行权限    影响范围：跨越数据面Workflow提交端和控制面Argo控制器执行环境    防护薄弱点：CRD扩展组件的输入验证机制不完善    检测难点：动态模板表达式与恶意代码的语义区分困难  2. 信任边界影响评估    架构影响分析：    - 控制面影响：Argo控制器被注入恶意逻辑，破坏控制层协调逻辑    - 数据面影响：生成恶意Pod破坏计算层隔离，可能影响网络层策略    - 跨平面传播：数据面输入→控制面执行→数据面Pod创建的跨层攻击链    - 节点拓扑影响：Worker节点Pod执行环境被污染，可能影响Master节...
CVE-2023-5044,7.6,HIGH,"CWE-20, CWE-94",2025-05-29T03:29:43.372479,42.56,Analyzer_2,deepseek-r1-250120,True,1,6,197,35,kubernetes/ingress-nginx,  ``` 1. 信任边界类别分析    主要边界突破：控制面→数据面 - 控制面→网络/存储层配置污染    次要边界突破：多租户间隔离 - 命名空间→跨租户资源访问    架构层次影响：控制面扩展层→数据面网络层→外部网络    技术路径：构造恶意Ingress注解→控制器生成异常Nginx配置→触发SSRF/路径遍历    关键节点：ingress-nginx控制器注解处理模块（未过滤$符号转义）    权限扩展：Ingress资源修改权限→数据面网络配置控制权→跨集群边界的流量劫持    影响范围：影响所有通过该Ingress的流量，可能穿透集群网络边界    防护薄弱点：扩展组件输入验证缺失，动态配置生成信任链断裂    检测难点：合法重定向配置与恶意注入的语义相似性，跨架构层日志关联困难  2. 信任边界影响评估    架构影响分析：    - 控制面影响：扩展层控制器配置生成逻辑被污染    - 数据面影响：网络层流量控制策略失效，计算层服务暴露风险    - 跨平面传播：控制面配置错误直接导致数据面网络异常    - 节点拓扑影响：Worker节点网络代理组件(Ngin...
CVE-2022-25856,7.5,HIGH,"CWE-22, CWE-59",2025-05-29T03:29:43.725403,39.26,Analyzer_3,deepseek-r1-250120,True,2,2,68,4,argoproj/argo-events,  ``` 1. 信任边界类别分析    主要边界突破：数据面(容器)→宿主机 - Pod→Worker节点逃逸    次要边界突破：数据面→控制面 - 工作负载→etcd数据访问    架构层次影响：数据面计算层→Worker节点层→控制面存储层    技术路径：构造恶意git.filePath→绕过路径清理→读取宿主机文件→窃取集群证书→访问etcd    关键节点：GitArtifactReader未校验符号链接和相对路径    权限扩展：Pod文件读取权限→节点文件系统访问→集群级证书控制权    影响范围：跨越容器隔离层、节点文件系统、控制平面证书体系    防护薄弱点：CRD资源校验缺失，控制器未启用路径标准化    检测难点：合法的Git操作与恶意路径遍历行为难以区分  2. 信任边界影响评估    架构影响分析：    - 控制面影响：etcd存储的集群证书可能被窃取，危及API层通信安全    - 数据面影响：突破容器计算层隔离，访问节点存储层敏感文件    - 跨平面传播：通过窃取的CA证书建立到API Server的信任通道    - 节点拓扑影响：Worker节...
CVE-2021-43783,8.5,HIGH,"CWE-22, CWE-22",2025-05-29T03:30:12.529975,36.53,Analyzer_0,deepseek-r1-250120,True,2,14,96,22,backstage/backstage,  ``` 1. 信任边界类别分析    主要边界突破：数据面(容器)→宿主机 - Pod→Worker节点逃逸    次要边界突破：数据面→控制面 - 容器→控制器状态操纵    架构层次影响：数据面计算层→Worker节点→控制面存储层    技术路径：构造恶意模板参数→路径遍历写入宿主机文件→篡改kubelet/CNI配置→控制面组件受影响    关键节点：路径遍历文件写入成功，宿主机敏感配置文件被篡改    权限扩展：容器应用权限→宿主机root权限→集群管理权限    影响范围：Scaffolder宿主机→Worker节点→控制平面组件    防护薄弱点：模板输入验证不足，宿主机文件权限控制宽松    检测难点：合法模板操作与恶意路径遍历的差异微小，跨层次攻击链路隐蔽  2. 信任边界影响评估    架构影响分析：    - 控制面影响：通过篡改kubelet配置影响API层认证，可能污染etcd存储数据    - 数据面影响：计算层容器逃逸，网络层CNI配置被篡改导致策略绕过    - 跨平面传播：从数据面宿主机文件系统突破至控制面核心组件    - 节点拓扑影响：Work...
CVE-2021-41151,6.8,MEDIUM,"CWE-22, CWE-22",2025-05-29T03:30:23.877352,40.5,Analyzer_2,deepseek-r1-250120,True,2,6,16,10,backstage/backstage,  ``` 1. 信任边界类别分析    主要边界突破：数据面→控制面 - Pod→API Server权限提升    次要边界突破：集群外部→内部 - 外部资源→控制面引用注入    架构层次影响：数据面计算层→控制面API层    技术路径：构造路径遍历模板→读取Pod挂载的Secret→通过PR外泄→利用ServiceAccount Token访问API Server    关键节点：Scaffolder Task运行时环境敏感文件挂载配置、路径遍历未过滤    权限扩展：Pod执行权限→集群API操作权限（取决于泄露的Secret权限）    影响范围：跨越数据面工作负载到控制面API，可能波及etcd存储层    防护薄弱点：第三方组件权限未遵循最小化原则，Pod Secret挂载缺乏细粒度控制    检测难点：合法模板操作与恶意路径遍历行为难以区分，跨平面攻击链路隐蔽  2. 信任边界影响评估    架构影响分析：    - 控制面影响：API层凭据泄露风险，存储层敏感数据可能被间接访问    - 数据面影响：计算层Pod文件隔离突破，存储层Secret数据泄露    - ...
CVE-2023-35926,8.0,HIGH,"CWE-94, CWE-94",2025-05-29T03:30:26.282503,43.91,Analyzer_1,deepseek-r1-250120,True,2,2,2,0,backstage/backstage,  ``` 1. 信任边界类别分析    主要边界突破：数据面 → 控制面 - Pod→API Server权限提升    次要边界突破：数据面(容器)→宿主机 - Pod→Worker节点逃逸    架构层次影响：数据面计算层→控制面API层→存储层    技术路径：模板YAML注入→沙箱逃逸→控制scaffolder-backend Pod→滥用ServiceAccount Token→API Server权限提升    关键节点：vm2沙箱隔离失效、Pod绑定的ServiceAccount权限过载    权限扩展：容器进程权限→Pod级权限→集群RBAC权限（取决于SA授权）    影响范围：Backstage Pod所在Worker节点→API Server→集群敏感资源    防护薄弱点：第三方组件RBAC权限过松、沙箱实现未遵循最小权限原则    检测难点：模板注入行为与正常模板操作难以区分，跨平面权限提升链条隐蔽  2. 信任边界影响评估    架构影响分析：    - 控制面影响：API层面临恶意请求，控制层存在配置篡改风险，存储层凭据可能泄露    - 数据面影响：计...
CVE-2023-25163,6.3,MEDIUM,CWE-532,2025-05-29T03:30:45.147414,32.62,Analyzer_0,deepseek-r1-250120,True,4,5,26,17,argoproj/argo-cd,  ``` 1. 信任边界类别分析    主要边界突破：控制平面组件间 - 控制器→存储层信息泄露    次要边界突破：数据面→控制面 - Pod→API Server权限提升    架构层次影响：控制面扩展层→存储层→外部Git系统    技术路径：通过API触发Application错误→控制器处理异常→未脱敏凭据写入日志→外部系统凭证泄露    关键节点：ArgoCD控制器错误处理流程的凭据清理失效点    权限扩展：Application管理权限→私有仓库访问权限→供应链系统控制权    影响范围：跨越控制面扩展组件与外部代码仓库，影响CI/CD管道完整性    防护薄弱点：第三方控制器日志处理机制缺乏敏感字段过滤    检测难点：合法API操作与恶意错误触发的行为差异难以区分  2. 信任边界影响评估    架构影响分析：    - 控制面影响：扩展层控制器数据处理缺陷，存储层凭据间接泄露    - 数据面影响：仅限于具备API访问权限的授权用户行为    - 跨平面传播：控制面凭据泄露导致数据面构建流程被污染    - 节点拓扑影响：Master节点日志存储系统成为敏感信息...
CVE-2023-37900,3.4,LOW,"CWE-400, CWE-770",2025-05-29T03:31:09.640820,85.91,Analyzer_3,deepseek-r1-250120,True,2,2,18,2,crossplane/crossplane,  ``` 1. 信任边界类别分析    主要边界突破：控制面→数据面 - 控制器→工作负载恶意分发    次要边界突破：数据面(容器)→宿主机 - 容器→节点资源耗尽    架构层次影响：控制面扩展层→数据面计算层→宿主机资源层    技术路径：API层创建恶意Package→控制层解析镜像→计算层内存耗尽→宿主机OOMKill    关键节点：Package资源镜像大小校验缺失，控制器内存分配无限制    权限扩展：Cluster Admin权限→控制器Pod运行权限→宿主机资源控制    影响范围：Crossplane控制器可用性，节点资源稳定性，托管云服务编排    防护薄弱点：扩展组件输入校验不足，控制器Pod资源限制缺失    检测难点：合法资源操作与恶意内存消耗的区分，跨平面攻击链追踪  2. 信任边界影响评估    架构影响分析：    - 控制面影响：扩展层控制器异常，影响API层Package资源协调能力    - 数据面影响：计算层内存资源耗尽，宿主机级OOM防护机制触发    - 跨平面传播：控制面资源操作引发数据面运行时异常    - 节点拓扑影响：Worke...
